"","ID","CODEPER","REL","PCR24_01","PCR24_02","PCR24_03","PCR24_04","PCR24_05","PCR24_06","PCR24_07","PCR24_08","PCR24_09","PCR24_10","PCR24_11","PCR24_12","PCR24_13","PCR24_14","PCR24_15","PCR24_16","PCR24_17","PCR24_18","PCR24_19","PCR24_20","PCR24_21","SITE"
"1",10,24,0,5,4,5,3,5,3,4,4,3,2,4,3,2,5,3,2,1,4,5,3,3,0
"2",14,24,0,4,3,2,2,4,2,2,3,2,3,4,2,4,3,3,2,3,2,2,3,2,0
"3",26,24,0,3,4,3,2,4,3,4,3,3,3,3,2,4,3,2,2,2,1,2,3,3,0
"4",32,24,0,3,3,3,3,3,3,2,3,3,3,3,3,4,3,3,2,2,2,2,2,2,0
"5",52,24,0,5,5,4,3,4,2,5,5,5,4,4,3,5,5,5,4,4,3,5,4,4,0
"6",56,24,0,4,3,2,3,3,1,2,2,2,3,4,2,4,3,5,3,2,2,2,2,2,0
"7",61,24,0,4,4,4,4,4,4,5,5,5,5,5,5,4,4,4,5,5,5,5,5,4,0
"8",63,24,0,4,4,3,3,4,3,3,3,2,2,5,3,4,4,3,2,3,2,3,2,3,0
"9",64,24,0,5,5,4,4,4,4,5,4,4,4,4,4,5,4,5,3,3,2,3,4,3,0
"10",70,24,0,3,4,3,2,3,3,3,2,3,2,2,2,3,3,2,2,2,2,3,2,3,0
"11",71,24,0,5,4,3,4,5,4,3,4,5,3,5,4,4,5,3,2,3,2,4,3,3,0
"12",97,24,0,1,2,5,3,2,1,1,1,3,2,1,3,2,3,1,1,2,2,3,3,2,0
"13",100,24,0,2,2,2,2,2,2,2,2,1,2,3,1,3,2,1,2,2,1,2,2,2,0
"14",115,24,0,4,4,4,2,4,3,2,4,3,3,3,3,4,3,3,3,3,2,2,4,3,0
"15",122,24,0,5,4,3,5,3,5,3,5,4,3,3,3,3,3,3,2,3,2,3,3,3,0
"16",134,24,0,4,5,4,3,3,4,4,4,5,5,4,5,4,4,4,3,3,2,2,2,3,0
"17",152,24,0,3,2,2,3,2,4,2,2,2,2,2,2,2,2,2,2,3,1,2,3,3,0
"18",178,24,0,4,5,5,2,5,5,3,5,2,3,5,3,4,4,5,5,4,2,3,4,3,0
"19",179,24,0,3,2,2,2,2,1,2,2,2,2,2,2,4,2,2,2,2,2,2,2,2,0
"20",182,24,0,5,3,5,3,5,2,4,5,3,3,5,2,4,5,2,3,5,2,3,2,3,0
"21",184,24,0,5,4,3,2,5,3,2,4,2,3,3,2,3,2,4,2,3,2,2,2,3,0
"22",196,24,0,5,5,4,5,5,3,3,5,3,4,4,2,4,4,5,2,4,2,4,5,4,0
"23",206,24,0,4,3,3,2,4,2,3,4,2,2,3,2,3,2,3,2,2,2,2,2,2,0
"24",218,24,0,4,3,3,2,3,2,2,2,2,3,3,2,3,2,3,2,3,2,4,3,2,0
"25",227,24,0,4,4,5,2,3,4,5,5,5,3,4,5,4,2,4,2,2,4,4,3,3,0
"26",228,24,0,4,4,4,4,4,5,4,4,2,3,4,2,4,4,3,2,4,2,3,4,3,0
"27",244,24,0,5,2,3,5,5,4,2,5,4,3,4,4,4,4,4,2,5,3,5,5,5,0
"28",265,24,0,4,3,2,2,3,3,3,3,2,2,3,2,4,3,3,2,2,2,2,2,2,0
"29",272,24,0,5,5,4,5,5,5,5,5,5,4,5,5,5,5,5,3,4,3,3,3,4,0
"30",273,24,0,4,3,5,2,4,2,2,3,3,4,4,2,3,3,4,2,3,2,3,3,3,0
"31",274,24,0,4,3,2,2,3,2,2,3,2,3,3,2,2,3,2,2,3,3,3,2,2,0
"32",283,24,0,4,4,4,5,4,5,4,4,3,3,4,3,3,3,3,2,3,2,2,3,4,0
"33",288,24,0,4,3,2,2,5,4,2,2,3,2,3,3,3,2,3,2,2,2,2,2,2,0
"34",293,24,0,4,4,3,2,3,3,3,2,3,2,3,3,3,5,4,2,2,2,2,2,3,0
"35",301,24,0,5,5,5,4,4,3,5,4,3,4,5,4,5,5,4,5,4,4,5,5,5,0
"36",307,24,0,4,5,5,5,5,5,5,4,4,4,3,4,5,3,5,4,4,1,3,3,5,0
"37",311,24,0,5,4,3,1,3,2,2,4,2,2,4,2,4,2,2,2,2,1,2,2,2,0
"38",318,24,0,2,3,2,2,3,2,2,2,3,2,3,2,3,2,2,2,2,2,3,2,2,0
"39",344,24,0,5,3,3,3,4,3,4,3,3,3,3,2,3,3,3,2,3,2,2,3,3,0
"40",345,24,0,3,5,3,3,4,5,3,2,3,3,3,4,5,2,4,2,2,1,2,3,3,0
"41",347,24,0,5,4,1,2,4,4,1,4,3,5,3,3,4,3,5,3,3,3,3,2,2,0
"42",372,24,0,4,3,5,1,5,2,5,4,5,2,5,3,5,5,5,2,4,5,2,5,1,0
"43",380,24,0,5,5,3,2,5,4,3,3,3,3,4,3,4,3,5,3,3,2,3,2,2,0
"44",412,24,0,4,3,3,3,4,3,3,3,3,3,3,2,3,4,3,2,2,3,3,4,3,0
"45",413,24,0,3,2,5,3,3,2,2,3,2,2,3,1,3,3,3,2,2,1,3,2,3,0
"46",419,24,0,4,3,2,2,4,4,1,3,2,2,4,3,3,3,3,2,2,2,3,2,2,0
"47",427,24,0,5,5,5,3,5,4,3,5,5,5,5,5,4,5,5,4,4,4,4,4,4,0
"48",435,24,0,3,4,3,2,3,3,2,2,2,3,4,3,3,2,4,2,3,2,2,2,2,0
"49",439,24,0,5,3,3,5,4,3,3,3,3,3,4,3,3,3,3,2,3,2,2,3,2,0
"50",446,24,0,3,2,3,4,5,5,3,2,2,2,2,3,4,3,2,2,2,2,4,3,4,0
"51",447,24,0,4,5,4,4,4,5,3,4,3,3,4,4,4,3,3,3,2,2,2,3,3,0
"52",452,24,0,2,4,4,4,2,4,3,2,2,2,2,2,3,3,3,2,2,2,3,3,3,0
"53",453,24,0,5,5,5,3,5,3,3,3,2,4,4,3,4,2,5,3,3,2,3,2,3,0
"54",464,24,0,3,4,3,3,3,2,2,3,3,3,3,2,3,3,2,2,3,2,2,3,3,0
"55",482,24,0,5,5,5,5,5,5,4,4,5,5,5,5,5,5,5,3,5,4,5,5,5,0
"56",489,24,0,4,5,3,5,4,5,3,4,4,3,4,4,5,5,5,3,5,3,4,4,5,0
"57",490,24,0,5,5,3,4,5,4,4,5,5,3,5,3,4,5,4,3,5,2,3,3,4,0
"58",518,24,0,4,4,3,2,3,4,5,4,1,2,3,1,1,2,3,1,1,1,3,3,1,0
"59",521,24,0,4,4,3,4,4,3,3,3,3,3,4,3,5,4,4,2,4,2,4,4,2,0
"60",522,24,0,4,4,4,5,3,2,2,3,2,4,2,4,4,4,4,2,4,2,3,4,4,0
"61",525,24,0,5,4,NA,2,4,2,3,5,3,2,5,3,3,4,3,3,4,NA,3,3,3,0
"62",534,24,0,5,5,5,5,4,5,5,5,4,4,4,4,4,4,4,4,5,3,4,5,5,0
"63",535,24,0,4,3,3,2,3,4,3,3,3,2,3,3,4,3,2,2,2,2,2,2,2,0
"64",544,24,0,4,3,1,1,4,2,1,3,2,2,3,2,3,3,3,1,1,2,2,3,1,0
"65",557,24,0,4,3,5,4,4,2,5,3,3,3,4,3,3,2,3,2,3,2,4,3,3,0
"66",573,24,0,5,5,5,5,5,5,5,5,5,4,5,5,5,5,5,4,4,4,4,4,4,0
"67",577,24,0,4,4,3,4,4,3,3,3,2,2,4,2,3,3,5,2,3,2,2,2,3,0
"68",585,24,0,3,4,3,4,4,4,3,4,4,3,3,4,4,2,5,2,2,2,3,4,4,0
"69",592,24,0,3,4,4,3,4,3,3,3,3,3,4,4,3,3,3,2,3,2,4,3,3,0
"70",605,24,0,4,4,2,3,2,4,3,2,3,2,3,3,4,3,4,2,2,2,2,2,2,0
"71",607,24,0,5,2,3,1,4,3,2,3,2,3,5,2,3,3,3,2,3,2,3,1,1,0
"72",617,24,0,4,3,2,3,4,2,2,3,2,3,4,2,4,5,3,2,3,2,2,2,2,0
"73",622,24,0,5,5,5,3,4,4,2,3,2,3,4,2,5,4,5,3,4,2,3,3,4,0
"74",631,24,0,4,5,3,2,4,3,4,4,4,5,4,3,5,4,5,3,4,3,3,3,4,0
"75",654,24,0,3,3,2,1,3,1,1,2,1,1,3,2,2,1,3,2,1,1,1,1,2,0
"76",662,24,0,5,3,3,5,5,5,3,5,4,2,3,4,3,3,2,2,3,2,3,3,3,0
"77",674,24,0,4,3,2,2,3,2,2,3,2,3,3,4,3,3,4,2,3,3,3,3,3,0
"78",688,24,0,4,3,3,3,4,4,2,3,3,2,2,4,3,4,2,1,2,1,3,2,3,0
"79",692,24,0,4,3,4,3,3,4,4,2,2,2,2,3,4,3,4,3,4,3,4,3,3,0
"80",693,24,0,4,4,3,4,4,2,3,3,4,4,3,2,4,4,4,2,4,2,2,2,4,0
"81",739,24,0,3,4,3,2,3,4,2,3,4,2,3,4,3,4,3,3,2,2,2,3,4,0
"82",741,24,0,4,5,4,5,4,5,4,4,5,4,4,5,4,4,3,3,4,3,4,5,4,0
"83",743,24,0,5,5,3,2,5,2,2,2,2,4,5,2,5,4,5,2,2,2,2,3,2,0
"84",749,24,0,4,4,3,5,4,5,2,3,3,3,4,5,5,4,4,3,4,3,3,5,5,0
"85",751,24,0,3,3,3,2,3,2,1,2,2,2,3,1,3,2,3,1,2,1,2,1,3,0
"86",770,24,0,5,3,4,2,5,2,2,5,3,2,4,3,4,3,4,2,3,3,2,1,1,0
"87",780,24,0,4,5,4,3,4,5,3,3,3,3,4,5,3,5,5,2,3,2,3,3,4,0
"88",786,24,0,4,3,3,2,2,3,2,2,2,3,3,3,4,2,3,1,2,1,1,3,2,0
"89",788,24,0,4,5,3,5,4,5,4,4,3,4,4,5,5,5,5,3,5,2,4,4,4,0
"90",793,24,0,5,5,4,2,5,2,3,4,2,3,5,2,4,4,3,2,3,2,2,2,2,0
"91",795,24,0,5,5,5,5,5,5,5,5,5,5,5,5,5,5,4,4,4,2,5,5,5,0
"92",824,24,0,4,3,4,3,4,3,4,4,4,4,4,4,4,4,4,4,4,4,4,4,4,0
"93",842,24,0,5,5,3,3,5,4,3,5,2,3,5,4,5,5,5,2,3,2,3,3,3,0
"94",847,24,0,4,3,3,4,3,3,2,3,2,3,4,2,3,3,2,1,3,1,1,3,3,0
"95",859,24,0,5,3,4,5,5,4,4,5,2,3,5,2,5,5,3,4,4,3,4,4,4,0
"96",863,24,0,4,2,3,4,4,3,3,3,3,3,3,4,4,4,3,2,4,2,3,3,4,0
"97",882,24,0,5,3,2,1,5,2,3,3,2,3,3,2,2,5,2,2,2,2,3,2,2,0
"98",889,24,0,4,4,3,2,3,1,3,2,3,3,4,2,3,3,2,2,3,2,3,2,3,0
"99",899,24,0,4,5,2,3,3,3,3,4,3,3,4,4,4,3,4,4,3,4,4,3,5,0
"100",905,24,0,3,3,2,3,2,5,5,2,2,5,3,5,5,3,3,3,4,2,4,3,4,0
"101",916,24,0,5,4,3,3,5,2,4,5,3,3,4,4,4,4,4,3,4,2,3,3,3,0
"102",923,24,0,3,3,4,1,3,1,3,3,2,3,2,2,3,2,3,2,2,1,1,3,2,0
"103",928,24,0,5,5,5,4,5,5,4,5,5,5,2,5,5,4,5,3,5,3,3,3,5,0
"104",935,24,0,4,3,3,5,4,4,3,3,3,3,4,4,4,3,5,2,3,2,2,3,4,0
"105",941,24,0,4,5,3,5,4,5,4,3,1,5,4,2,5,3,3,2,5,3,5,4,5,0
"106",954,24,0,3,3,3,4,3,3,2,3,3,2,4,3,4,2,4,2,2,1,3,2,3,0
"107",958,24,0,4,3,4,5,5,4,4,3,5,4,5,3,3,3,4,2,3,2,4,4,4,0
"108",960,24,0,4,4,3,3,4,3,4,4,2,3,4,2,4,4,3,2,3,2,3,3,3,0
"109",967,24,0,4,4,4,5,5,5,3,4,2,3,4,3,4,5,4,4,4,4,4,5,5,0
"110",970,24,0,4,4,4,4,4,5,3,3,4,4,4,5,4,4,3,3,4,2,3,4,4,0
"111",993,24,0,4,3,3,3,5,2,2,5,2,1,4,2,3,4,3,2,4,3,2,3,2,0
"112",995,24,0,5,1,1,3,3,2,2,3,3,3,3,2,5,1,3,2,3,2,2,3,3,0
"113",1006,24,0,5,5,5,3,4,3,5,5,3,3,4,4,4,4,5,4,4,4,3,3,4,0
"114",1009,24,0,5,5,2,5,5,2,2,5,2,3,5,2,5,5,5,2,5,2,4,4,4,0
"115",100001,24,0,3,3,3,2,2,2,2,2,2,2,3,3,2,3,4,4,2,2,2,2,2,1
"116",100007,24,0,5,4,4,5,5,5,2,5,3,3,4,3,3,3,2,2,2,2,2,5,4,1
"117",100040,24,0,5,5,4,2,5,3,3,4,2,3,2,2,4,5,3,2,2,1,2,2,2,1
"118",100047,24,0,3,4,3,1,3,2,2,2,3,3,2,2,4,4,3,2,1,2,2,3,2,1
"119",100049,24,0,4,4,2,2,4,2,2,2,2,2,3,2,4,3,4,2,2,2,3,3,2,1
"120",100067,24,0,3,4,2,2,3,2,2,2,2,2,3,2,3,3,3,2,2,2,2,2,2,1
"121",100069,24,0,4,4,4,4,4,4,3,2,3,3,4,4,3,3,3,2,2,2,2,3,3,1
"122",100070,24,0,5,3,2,1,5,3,2,4,4,2,4,3,3,2,2,2,2,2,2,2,2,1
"123",100074,24,0,3,4,2,4,3,5,2,3,3,2,5,5,3,3,3,1,2,2,2,2,3,1
"124",100080,24,0,4,4,3,3,4,3,2,3,2,3,3,2,3,3,2,3,3,2,3,4,3,1
"125",100081,24,0,3,1,5,3,3,4,3,2,3,3,3,3,4,4,4,4,4,2,2,3,3,1
"126",100100,24,0,4,3,3,2,4,3,3,3,2,3,3,3,3,3,3,2,2,2,2,2,2,1
"127",100109,24,0,4,3,3,2,3,3,3,3,3,3,3,4,4,2,2,2,2,3,2,2,2,1
"128",100132,24,0,3,4,2,4,4,2,3,4,3,3,4,3,4,3,3,2,2,5,2,4,3,1
"129",100142,24,0,4,4,2,1,2,2,2,1,2,1,3,1,4,2,3,2,2,2,2,1,1,1
"130",100156,24,0,2,2,5,4,2,2,2,2,4,3,3,3,4,3,3,2,3,2,5,3,2,1
"131",100157,24,0,3,2,3,1,2,2,3,2,2,3,2,2,2,2,2,2,2,2,2,2,2,1
"132",100170,24,0,3,1,2,1,2,1,2,2,2,2,2,1,2,2,1,1,1,1,1,1,1,1
"133",100172,24,0,4,5,2,1,5,3,2,4,2,1,3,2,3,2,5,2,1,1,1,1,2,1
"134",100195,24,0,1,1,1,2,1,2,3,2,1,1,3,1,2,2,2,2,2,2,2,2,2,1
"135",100200,24,0,3,3,3,1,3,3,2,1,3,2,2,3,3,2,2,2,2,2,3,2,2,1
"136",100213,24,0,4,4,3,4,3,3,3,2,3,3,2,3,3,3,4,2,2,2,3,3,3,1
"137",100220,24,0,5,2,3,3,5,5,3,4,3,3,4,4,4,5,2,2,3,1,3,3,3,1
"138",100233,24,0,3,3,2,3,3,4,1,2,2,2,3,3,3,4,2,2,1,2,1,3,2,1
"139",100249,24,0,3,3,2,4,3,2,3,2,3,3,2,2,2,2,3,2,2,1,2,2,3,8
"140",100250,24,0,5,5,5,2,5,2,2,2,3,3,4,5,5,5,5,2,2,3,3,4,3,1
"141",100257,24,0,4,4,5,4,5,4,5,5,4,3,5,5,5,4,4,3,3,1,2,1,1,1
"142",100265,24,0,2,4,2,2,2,2,3,2,2,2,3,2,3,2,3,2,2,2,2,2,2,1
"143",100268,24,0,4,3,3,3,3,1,2,2,3,3,3,2,3,2,3,2,2,2,2,2,1,1
"144",100272,24,0,4,4,2,3,2,2,2,3,2,2,2,2,3,3,3,2,2,2,2,2,2,1
"145",100286,24,0,4,3,4,1,3,1,4,1,1,4,3,1,4,3,4,2,2,1,1,1,2,1
"146",100295,24,0,4,4,3,4,4,5,3,3,5,3,4,4,4,3,3,3,3,2,2,4,4,7
"147",100308,24,0,4,4,3,3,3,4,2,2,3,3,3,3,3,3,3,2,3,2,2,3,3,1
"148",100309,24,0,1,3,2,3,3,2,2,3,2,3,3,3,1,4,2,3,3,3,2,3,3,1
"149",100312,24,0,3,3,2,2,2,4,2,2,2,2,2,2,2,3,3,2,2,2,2,2,2,1
"150",100322,24,0,4,4,3,4,4,4,3,4,3,3,3,3,4,3,3,2,2,1,3,3,3,1
"151",100334,24,0,4,3,3,2,4,4,2,3,2,2,4,3,3,4,3,2,2,2,3,3,2,1
"152",100337,24,0,2,4,4,3,3,3,3,2,3,4,4,4,3,3,4,2,2,2,2,3,3,1
"153",100341,24,0,4,3,4,3,3,3,2,2,3,3,4,4,4,3,4,2,2,2,3,3,2,1
"154",100343,24,0,2,2,3,4,2,2,2,2,2,3,2,2,4,2,2,2,4,2,4,2,4,1
"155",100348,24,0,3,3,2,2,3,2,2,2,2,2,2,2,2,2,2,2,2,2,2,2,2,1
"156",100357,24,0,4,5,3,2,5,4,1,5,4,3,4,3,3,3,3,2,2,1,2,2,2,1
"157",100361,24,0,3,2,3,3,3,3,2,3,2,2,3,2,3,3,2,2,2,4,2,4,2,1
"158",100364,24,0,5,5,4,1,5,2,3,3,3,3,3,2,2,3,4,2,3,2,3,3,3,1
"159",100368,24,0,3,4,2,2,5,3,1,3,2,3,3,2,4,3,4,2,3,2,2,3,2,1
"160",100372,24,0,4,3,2,3,3,4,2,2,2,2,3,3,2,3,3,2,3,1,2,2,3,1
"161",100374,24,0,4,4,3,1,4,4,3,2,2,2,4,4,2,4,4,1,2,1,2,2,2,1
"162",100377,24,0,5,5,3,1,3,3,2,2,2,3,2,3,4,3,3,2,3,2,2,3,2,1
"163",100394,24,0,3,3,2,2,2,2,2,2,3,2,3,3,2,2,2,2,2,2,2,2,2,1
"164",100395,24,0,5,3,2,2,5,2,2,3,1,2,4,2,3,4,4,1,2,2,3,3,3,1
"165",100413,24,0,4,4,2,2,3,2,2,3,3,1,3,3,3,2,3,2,2,2,3,2,2,1
"166",100415,24,0,3,4,2,5,4,4,3,3,4,3,3,4,4,3,4,2,3,2,3,3,3,1
"167",100423,24,0,2,3,4,2,2,2,4,2,2,4,4,2,4,4,4,4,2,1,2,2,2,1
"168",100428,24,0,4,4,3,2,4,3,3,3,3,4,4,4,3,3,3,3,4,3,4,4,5,1
"169",100430,24,0,4,4,4,3,5,3,3,2,2,3,3,3,4,4,4,3,2,2,4,5,4,1
"170",100436,24,0,4,4,4,5,4,4,4,3,4,4,4,4,4,3,4,3,3,2,3,4,4,1
"171",100438,24,0,4,4,4,4,4,5,4,4,2,3,4,4,4,5,4,3,4,3,4,3,4,1
"172",100445,24,0,5,4,2,2,5,2,2,4,3,3,5,2,3,3,4,2,2,2,2,2,3,1
"173",100447,24,0,5,5,3,4,4,3,2,5,3,3,3,3,3,4,3,2,3,2,3,3,3,1
"174",100459,24,0,4,5,4,3,2,4,3,4,3,3,4,4,3,3,4,2,5,2,5,5,5,1
"175",100465,24,0,3,3,3,3,5,4,3,3,3,3,4,3,4,3,3,3,3,2,4,3,3,1
"176",100470,24,0,4,3,4,2,3,3,3,2,2,3,3,2,3,3,4,2,2,2,2,3,3,1
"177",100474,24,0,4,4,4,2,4,3,2,4,1,3,3,2,3,2,2,2,2,2,2,3,2,1
"178",100478,24,0,4,3,4,1,4,4,4,4,3,3,3,4,2,3,3,1,1,1,3,3,4,1
"179",100504,24,0,3,2,3,2,2,2,3,2,2,2,2,2,4,4,4,1,1,1,3,1,1,1
"180",100519,24,0,4,2,3,1,4,1,1,4,1,3,5,1,5,5,4,1,2,4,1,1,1,1
"181",100536,24,0,4,2,3,2,4,2,3,2,3,3,4,4,3,3,3,2,2,2,3,3,3,1
"182",100575,24,0,3,2,2,1,3,1,2,2,2,3,2,2,3,3,2,2,2,2,2,2,2,1
"183",100584,24,0,3,4,3,2,3,4,3,2,2,3,2,2,3,1,4,1,1,1,2,2,2,1
"184",100608,24,0,2,4,4,1,3,1,1,2,1,1,3,2,3,3,3,1,2,1,2,3,2,1
"185",100609,24,0,2,3,4,3,2,2,2,2,2,2,3,2,2,2,2,2,2,2,2,2,2,1
"186",100623,24,0,3,4,4,2,3,3,2,2,2,2,3,4,3,2,4,2,2,2,2,2,2,1
"187",100638,24,0,4,3,4,2,4,3,3,3,3,4,3,3,4,3,3,3,3,4,5,3,3,1
"188",100650,24,0,4,3,3,4,3,3,3,3,2,3,3,2,3,4,2,2,3,2,3,3,3,1
"189",100671,24,0,3,2,2,2,2,2,2,2,2,2,2,3,2,2,3,2,2,2,2,2,2,1
"190",100680,24,0,5,4,1,2,5,1,3,4,3,2,5,4,2,3,3,2,2,2,2,2,2,1
"191",100698,24,0,3,2,3,1,3,1,3,3,2,2,4,1,4,3,2,2,2,2,3,3,2,1
"192",100716,24,0,3,5,3,2,3,3,4,2,4,4,2,4,4,4,3,2,2,1,2,2,2,1
"193",100734,24,0,3,4,2,2,1,4,3,1,3,2,2,3,3,3,4,2,2,1,2,2,2,1
"194",100743,24,0,3,3,4,1,2,2,3,2,2,2,3,2,3,2,2,1,1,1,4,2,2,1
"195",100789,24,0,4,4,4,2,3,4,4,3,5,4,5,3,5,4,4,2,3,2,2,3,3,1
"196",100798,24,0,3,5,2,3,3,2,NA,2,3,2,3,2,3,2,4,2,2,1,1,2,2,1
"197",100852,24,0,4,3,4,2,3,2,3,3,2,3,2,2,4,3,4,2,3,2,2,2,3,1
"198",100872,24,0,4,4,4,3,4,3,4,3,2,3,3,3,3,3,4,2,3,2,2,3,3,1
"199",100881,24,0,2,3,3,2,2,2,2,2,2,3,2,2,3,2,3,2,2,2,3,2,2,1
"200",100917,24,0,5,4,3,1,4,2,2,3,2,3,4,2,3,3,3,2,2,2,2,3,3,1
"201",100931,24,0,3,5,4,3,4,4,4,3,2,3,4,3,4,2,4,2,2,2,2,3,2,1
"202",100941,24,0,3,4,2,1,3,1,2,4,2,2,2,3,3,1,3,2,2,1,2,1,2,1
"203",100987,24,0,2,3,2,2,1,2,2,2,2,3,2,3,3,2,3,2,2,1,1,1,2,1
"204",101040,24,0,4,3,3,1,4,2,2,4,4,2,4,4,3,4,4,2,2,2,4,3,3,1
"205",101043,24,0,5,5,3,4,5,5,3,4,2,3,4,5,5,5,5,3,4,2,2,3,4,1
"206",101047,24,0,4,4,3,2,3,3,3,3,3,3,3,2,4,2,4,2,2,2,2,2,2,1
"207",101063,24,0,3,2,2,1,3,2,1,2,3,1,3,2,3,2,3,1,1,1,1,1,2,1
"208",101073,24,0,4,3,3,2,5,3,4,2,2,3,5,2,3,4,2,2,3,3,2,3,1,1
"209",101081,24,0,3,4,3,1,2,4,2,2,1,2,3,3,4,2,4,2,2,2,1,2,2,1
"210",101095,24,0,3,5,3,4,4,3,3,3,2,2,3,3,3,2,3,2,3,2,2,2,2,1
"211",101147,24,0,4,4,4,4,4,4,4,3,3,4,4,4,4,4,4,3,4,3,3,4,4,1
"212",101168,24,0,4,3,1,1,4,1,1,3,2,2,3,3,3,3,4,2,1,5,2,1,1,1
"213",101203,24,0,4,4,3,4,2,4,4,3,3,3,3,4,4,4,4,2,3,2,3,3,3,1
"214",101210,24,0,2,3,3,2,3,2,2,1,1,2,3,4,3,2,4,2,2,1,2,2,2,1
"215",101219,24,0,4,5,3,2,3,2,2,2,2,3,2,2,3,4,5,2,2,2,3,3,3,4
"216",101234,24,0,4,3,3,2,4,2,2,2,2,3,4,3,2,2,3,2,2,2,3,3,3,1
"217",101256,24,0,3,4,2,3,2,2,2,2,3,3,4,3,3,3,4,2,2,2,3,2,2,5
"218",101277,24,0,4,4,2,3,3,4,3,2,2,3,2,3,3,2,3,2,2,1,2,2,3,1
"219",101278,24,0,4,3,3,1,4,2,3,3,2,2,3,2,3,2,2,2,2,2,2,2,2,1
"220",200003,24,0,3,2,3,2,3,2,3,3,3,3,3,2,3,3,2,2,3,3,3,2,1,2
"221",200008,24,0,3,3,2,2,2,2,2,2,2,2,2,2,2,2,2,1,2,1,1,1,2,2
"222",200009,24,0,3,3,4,2,4,4,4,4,5,3,3,4,4,4,4,3,3,3,4,2,4,2
"223",200014,24,0,3,3,2,3,3,2,2,2,2,2,3,2,3,3,2,2,2,2,2,3,2,2
"224",200018,24,0,3,4,3,2,4,3,3,2,3,2,4,3,2,4,3,2,3,2,3,2,2,2
"225",200019,24,0,5,5,4,2,5,4,1,5,5,3,5,5,3,5,4,2,3,3,4,5,2,2
"226",200022,24,0,4,3,5,5,5,5,2,4,4,3,4,3,4,3,2,2,3,2,2,3,2,2
"227",200029,24,0,2,3,2,3,2,2,2,2,2,2,4,3,3,3,4,2,2,2,2,2,2,2
"228",200030,24,0,4,5,4,3,4,3,4,2,2,3,4,3,4,4,3,2,3,2,4,3,3,2
"229",200037,24,0,4,3,2,3,3,2,2,2,2,2,3,2,3,3,3,2,3,2,2,3,3,2
"230",200041,24,0,2,3,2,2,3,2,2,2,2,2,3,2,2,2,3,2,2,2,2,2,2,2
"231",200050,24,0,3,2,2,2,4,2,2,2,2,2,2,2,2,2,2,2,2,2,2,2,2,2
"232",200051,24,0,5,5,4,5,4,5,4,3,4,4,4,4,4,4,3,2,3,2,3,4,4,2
"233",200052,24,0,2,1,1,1,2,3,3,3,3,2,2,2,3,4,4,2,3,3,3,3,3,2
"234",200053,24,0,3,4,4,2,2,3,3,1,2,3,3,2,2,2,3,2,2,2,3,2,3,2
"235",200058,24,0,4,2,2,1,4,1,2,2,2,2,3,2,3,2,2,2,2,2,2,2,2,2
"236",200061,24,0,5,4,4,5,4,5,4,4,4,4,4,4,4,4,4,4,4,3,4,4,4,2
"237",200062,24,0,3,3,2,2,2,1,2,2,2,3,3,2,4,3,2,2,3,1,3,3,3,2
"238",200066,24,0,3,2,3,1,4,2,3,3,3,2,3,2,2,3,3,2,2,2,2,2,2,2
"239",200067,24,0,2,3,3,2,2,4,3,2,2,3,4,3,4,4,3,3,2,2,2,4,3,2
"240",200069,24,0,3,4,3,3,2,4,2,4,2,2,3,2,3,4,4,2,2,2,2,3,2,2
"241",200071,24,0,3,4,3,2,2,3,5,3,3,2,3,2,4,1,5,5,4,1,3,2,3,2
"242",200072,24,0,4,2,4,4,5,4,5,4,5,5,4,5,5,5,5,3,3,3,3,3,3,2
"243",200073,24,0,3,2,3,2,3,3,2,2,3,3,3,3,3,2,3,3,3,2,2,3,3,2
"244",200074,24,0,4,3,3,3,3,2,2,2,2,3,4,2,3,4,2,2,3,2,2,3,2,2
"245",200076,24,0,4,3,3,3,3,4,3,3,3,2,4,3,4,3,3,2,3,2,4,3,3,2
"246",200079,24,0,4,3,3,2,4,3,2,4,2,2,4,2,4,4,2,2,2,2,3,2,3,2
"247",200080,24,0,3,4,3,3,3,3,2,3,3,3,3,3,3,3,3,3,3,2,3,3,3,2
"248",200082,24,0,4,2,2,2,4,2,1,2,2,2,3,2,3,3,3,2,1,2,2,3,2,2
"249",200083,24,0,5,5,3,2,5,3,2,4,2,4,5,2,4,5,4,2,2,2,3,4,5,2
"250",200084,24,0,4,4,4,3,4,2,5,4,3,4,4,2,4,3,3,3,4,2,2,3,4,2
"251",200088,24,0,4,3,2,4,4,3,4,2,1,3,4,2,2,4,4,2,2,2,3,3,3,2
"252",200090,24,0,5,5,3,3,5,5,2,3,3,3,4,2,3,4,3,2,2,2,3,3,3,2
"253",200092,24,0,3,3,3,2,3,3,4,2,2,2,2,2,3,2,2,2,2,2,3,2,2,2
"254",200093,24,0,5,3,3,4,5,3,2,4,4,3,4,3,3,4,3,2,3,3,2,3,3,2
"255",200101,24,0,3,2,2,2,2,2,2,2,2,2,3,2,3,3,2,2,2,2,2,2,2,2
"256",200111,24,0,3,3,2,2,3,3,2,3,3,2,3,3,3,3,4,2,2,2,3,3,2,2
"257",200114,24,0,4,4,3,1,4,2,2,3,3,2,4,3,3,3,3,2,3,3,4,3,3,2
"258",200116,24,0,3,2,2,2,2,2,2,2,2,3,4,2,3,3,2,2,2,2,2,2,2,2
"259",200117,24,0,4,4,3,3,5,3,4,4,3,3,4,3,4,4,3,3,3,2,4,2,3,2
"260",200119,24,0,3,2,3,2,4,3,2,2,2,2,2,2,3,2,3,2,2,1,3,2,3,2
"261",200124,24,0,3,1,2,3,3,4,3,2,3,2,4,5,3,3,4,3,3,2,3,3,3,2
"262",200129,24,0,4,3,2,1,3,2,1,2,3,1,3,2,3,2,3,1,1,1,2,2,1,2
"263",200138,24,0,5,5,5,4,4,5,2,4,5,5,5,5,5,5,5,3,5,3,4,5,5,2
"264",200139,24,0,4,3,4,2,3,3,4,3,2,3,3,3,3,3,4,2,3,2,2,2,3,2
"265",200141,24,0,3,3,2,2,2,1,3,2,2,2,3,1,3,2,2,2,2,2,2,2,2,2
"266",200142,24,0,4,3,1,2,3,4,3,2,2,3,5,5,3,5,3,2,2,2,4,3,2,2
"267",200149,24,0,5,4,3,2,3,3,3,3,3,4,3,2,4,3,3,2,3,2,2,2,2,2
"268",200153,24,0,5,4,5,1,5,1,3,5,2,4,4,2,4,4,2,4,4,3,4,4,4,2
"269",200154,24,0,4,3,3,3,3,2,2,3,2,3,3,2,3,3,4,2,3,3,2,4,3,2
"270",200156,24,0,4,3,4,2,3,3,2,2,2,3,5,4,4,4,5,2,3,2,4,2,1,2
"271",200157,24,0,4,2,2,2,4,2,2,3,2,2,3,2,3,3,3,2,2,1,3,3,3,2
"272",200159,24,0,3,5,3,2,4,3,3,2,3,1,5,5,4,5,4,2,1,2,3,2,1,2
"273",200164,24,0,4,4,3,1,4,3,2,2,3,3,2,2,2,3,3,2,2,2,2,2,3,2
"274",200167,24,0,4,4,5,1,4,2,2,4,3,4,4,2,4,3,3,2,2,2,2,2,2,2
"275",200170,24,0,5,4,3,5,5,4,3,4,4,2,4,4,4,4,3,3,4,3,4,4,5,2
"276",200172,24,0,5,2,2,2,4,2,3,3,2,2,4,2,3,4,4,1,2,2,2,3,2,2
"277",200175,24,0,5,4,3,3,4,2,2,4,2,2,3,3,3,4,2,1,2,3,2,3,3,2
"278",200176,24,0,5,4,4,5,4,5,3,4,4,4,4,5,5,5,4,2,4,2,4,4,4,2
"279",200177,24,0,5,4,3,2,5,3,2,3,4,3,4,4,4,2,2,2,3,2,2,3,2,2
"280",200182,24,0,5,3,5,5,5,4,2,3,2,4,4,4,3,5,3,3,5,2,3,4,3,2
"281",200190,24,0,5,5,5,2,5,5,5,4,3,5,4,3,4,3,4,2,4,3,3,2,3,2
"282",200194,24,0,4,3,3,1,5,2,2,2,2,2,3,3,3,3,2,2,2,2,3,2,3,2
"283",200196,24,0,2,4,3,2,2,4,2,2,2,3,3,4,2,2,4,2,2,1,2,2,2,2
"284",200199,24,0,5,4,4,4,5,4,3,4,5,3,5,4,4,4,4,3,4,3,4,4,5,2
"285",200200,24,0,2,4,3,2,2,2,3,2,2,3,2,2,3,2,3,2,2,2,2,2,2,2
"286",200205,24,0,3,4,3,2,3,2,3,2,2,3,3,2,4,2,5,2,3,2,3,2,2,2
"287",200206,24,0,4,3,4,5,5,4,3,4,4,3,4,4,4,4,2,2,5,3,4,4,4,2
"288",200217,24,0,4,4,3,3,4,3,2,4,3,3,4,4,4,2,3,3,3,2,3,3,3,2
"289",200224,24,0,5,5,2,3,5,3,2,4,3,2,4,2,4,3,4,2,4,2,2,4,4,2
"290",200227,24,0,5,4,5,5,4,5,4,3,5,4,4,4,3,3,3,2,4,4,4,4,4,2
"291",200228,24,0,5,3,4,3,5,4,3,5,4,3,4,3,4,5,4,3,3,3,4,3,3,2
"292",200232,24,0,4,4,4,4,4,5,2,3,3,3,4,4,3,3,3,2,3,2,2,2,2,2
"293",200235,24,0,4,4,4,3,2,3,4,4,2,2,3,2,3,3,3,2,4,2,4,3,5,2
"294",200237,24,0,5,5,2,3,4,3,2,3,3,2,2,2,3,5,3,1,3,2,2,4,3,2
"295",200238,24,0,2,3,2,2,2,2,1,1,1,2,2,2,3,2,2,2,2,1,4,2,2,2
"296",200240,24,0,4,2,3,3,4,2,3,4,2,2,3,2,4,3,4,3,2,2,2,2,2,2
"297",200249,24,0,5,5,5,4,5,5,5,5,5,4,4,5,5,5,4,3,5,3,5,3,5,2
"298",200251,24,0,3,3,3,3,3,4,3,3,3,3,4,3,4,4,4,3,3,2,3,3,3,2
"299",200253,24,0,4,4,2,3,3,4,2,2,2,2,4,3,3,2,3,2,3,1,3,3,3,2
"300",200258,24,0,4,5,5,1,5,5,3,5,5,4,5,5,5,5,5,3,5,3,5,5,4,2
"301",200259,24,0,3,3,4,2,3,3,3,3,3,3,3,3,3,2,4,3,2,2,3,2,2,2
"302",200264,24,0,3,2,2,3,3,3,2,2,2,2,3,2,2,3,2,2,2,2,2,3,2,2
"303",200270,24,0,4,5,2,3,5,5,3,2,4,3,5,5,4,5,5,3,3,3,3,3,3,2
"304",200273,24,0,4,4,3,3,4,3,2,3,2,3,3,2,4,3,3,2,2,2,2,2,2,2
"305",200292,24,0,4,3,3,2,3,2,3,2,2,3,2,2,2,3,2,2,2,2,2,2,2,2
"306",200293,24,0,3,5,5,5,4,5,5,3,4,5,4,5,4,3,3,3,3,2,3,5,5,2
"307",200295,24,0,4,2,3,1,4,3,2,2,2,3,3,2,5,3,3,2,3,1,4,2,3,2
"308",200300,24,0,4,4,3,3,4,3,4,3,4,3,4,3,4,3,4,2,3,2,2,2,3,2
"309",200307,24,0,4,4,2,4,4,4,2,2,4,3,3,4,4,2,2,2,3,2,3,3,3,2
"310",200309,24,0,3,3,3,1,3,3,2,2,2,2,3,3,3,4,3,2,2,1,2,2,2,2
"311",200321,24,0,4,2,3,4,4,3,2,3,3,3,4,4,4,3,3,2,3,2,2,3,4,2
"312",200323,24,0,5,3,3,2,3,2,2,3,2,2,3,2,3,3,2,2,3,2,2,3,3,2
"313",200324,24,0,5,3,3,4,5,3,3,3,2,3,5,3,4,3,2,2,3,2,3,3,3,2
"314",200329,24,0,3,5,5,5,3,4,2,3,5,3,3,4,3,3,3,2,3,2,2,3,3,2
"315",200332,24,0,2,5,1,1,2,4,2,2,2,2,2,4,4,3,5,2,1,1,2,3,2,2
"316",200339,24,0,4,3,4,4,4,3,3,4,3,3,4,4,4,4,4,3,3,3,3,3,3,2
"317",200344,24,0,3,2,3,2,2,3,3,2,2,3,3,3,3,2,4,2,2,1,2,3,3,2
"318",200348,24,0,2,2,3,1,2,1,2,2,2,2,2,2,2,2,2,2,2,2,3,2,3,2
"319",200364,24,0,4,4,3,5,4,3,3,3,3,3,4,2,3,3,3,2,4,2,4,3,4,2
"320",200417,24,0,4,1,3,1,5,1,3,4,3,3,5,3,4,5,5,2,4,2,5,4,5,2
"321",200419,24,0,4,5,3,2,4,5,3,4,4,5,3,2,4,3,3,3,3,2,2,3,4,2
"322",200431,24,0,4,5,3,3,4,2,2,4,3,3,4,2,NA,NA,NA,NA,NA,NA,NA,NA,NA,2
"323",200456,24,0,3,4,2,3,3,3,2,3,2,3,4,4,3,3,4,2,2,2,2,3,2,2
"324",200471,24,0,5,2,3,1,5,5,1,3,2,1,5,1,4,3,4,1,2,1,1,3,1,2
"325",200473,24,0,3,5,3,5,4,3,3,4,1,3,4,4,3,5,3,2,3,2,5,3,4,2
"326",200499,24,0,4,5,3,3,4,3,2,4,2,3,4,3,4,4,3,3,4,2,3,3,3,2
"327",200507,24,0,3,2,2,4,3,3,2,3,2,2,2,3,3,3,2,2,3,2,3,2,3,2
"328",200530,24,0,2,4,2,2,2,2,2,3,2,2,4,4,3,2,4,3,3,2,3,2,2,2
"329",200539,24,0,4,4,3,3,4,3,3,3,2,2,3,2,3,3,3,2,2,2,2,2,2,2
"330",200543,24,0,3,2,4,1,3,1,2,2,3,4,3,2,2,2,3,2,1,1,4,3,2,2
"331",200544,24,0,4,3,3,3,4,3,2,2,3,2,3,3,3,2,4,2,3,2,3,3,3,2
"332",200581,24,0,4,2,3,4,4,5,3,3,3,5,4,3,4,3,5,3,4,2,3,2,3,2
"333",200594,24,0,5,5,5,5,5,4,5,5,3,5,4,4,5,4,3,3,4,3,4,4,4,2
"334",200600,24,0,5,4,4,5,5,4,5,5,4,4,4,4,5,4,5,5,5,3,4,5,4,2
"335",200601,24,0,4,3,4,3,3,3,3,3,4,2,2,2,4,3,4,3,3,3,2,2,3,2
"336",200632,24,0,4,3,2,3,4,3,3,3,2,2,4,3,3,3,2,1,3,2,3,3,3,2
"337",300001,24,0,5,3,1,2,5,2,1,2,1,1,2,2,2,3,3,1,1,1,1,2,2,3
"338",300002,24,0,5,5,4,2,5,2,3,4,2,2,3,3,4,3,4,2,2,2,3,3,3,3
"339",300005,24,0,5,5,5,5,5,5,5,5,5,5,5,5,5,5,5,4,5,3,5,5,5,3
"340",300020,24,0,3,3,2,2,3,4,3,3,3,2,3,4,3,2,4,2,2,2,2,3,3,3
"341",300021,24,0,4,3,2,1,3,2,2,3,2,2,3,3,5,4,5,3,3,2,2,3,3,3
"342",300030,24,0,3,4,4,3,3,3,5,3,3,3,3,3,3,3,4,3,3,2,3,3,3,3
"343",300035,24,0,5,4,5,2,4,2,1,3,1,1,3,3,3,3,4,1,2,3,1,1,1,3
"344",300040,24,0,4,4,4,2,2,4,2,2,2,2,3,4,4,2,3,2,2,2,3,2,4,3
"345",300045,24,0,4,4,2,2,4,2,2,3,3,2,3,2,3,3,2,2,2,2,2,2,2,3
"346",300049,24,0,5,4,3,5,5,5,2,3,2,2,4,4,4,3,3,2,4,1,4,3,4,3
"347",300062,24,0,4,3,4,2,3,3,2,3,2,3,3,3,4,5,5,2,2,2,3,3,3,3
"348",300092,24,0,4,3,2,2,4,4,2,4,2,2,3,3,2,4,3,2,2,3,1,1,1,3
"349",300094,24,0,5,4,3,5,5,4,3,4,5,2,4,4,5,4,4,2,3,2,2,3,3,3
"350",300102,24,0,5,5,4,2,2,2,3,4,3,3,3,4,3,4,3,1,2,2,3,2,2,3
"351",300106,24,0,4,2,2,2,3,3,3,2,1,3,3,2,4,3,2,2,3,1,2,2,2,3
"352",300110,24,0,4,4,3,3,4,4,4,2,2,3,3,2,3,2,4,2,3,2,2,3,3,3
"353",300112,24,0,5,5,4,5,5,4,4,5,5,4,4,4,5,5,5,5,5,4,5,5,5,3
"354",300119,24,0,4,5,3,2,3,2,2,2,2,2,5,1,4,4,3,2,3,2,1,2,2,3
"355",300222,24,0,3,2,3,1,3,3,2,2,3,3,3,2,3,2,3,2,2,2,2,2,2,3
"356",300228,24,0,2,3,2,3,3,4,4,2,3,3,4,4,3,3,4,2,3,2,2,3,3,3
"357",300246,24,0,4,3,3,4,4,4,2,2,3,2,4,4,4,3,4,2,2,2,4,3,4,3
"358",300253,24,0,4,4,4,2,4,4,2,3,2,3,4,2,2,3,2,2,2,2,2,2,3,3
"359",300254,24,0,5,2,2,3,5,3,1,5,3,3,4,3,5,4,4,2,4,3,3,2,3,3
"360",300263,24,0,4,4,4,4,3,2,3,3,2,3,2,2,3,2,2,2,3,2,4,3,3,3
"361",300275,24,0,5,4,3,3,4,2,3,3,3,3,3,2,4,4,4,2,4,2,2,3,3,3
"362",300276,24,0,4,3,2,2,3,2,3,2,2,3,3,2,3,3,3,2,2,2,3,3,2,3
"363",300278,24,0,5,2,3,1,3,2,2,2,2,2,2,2,4,2,2,2,2,2,2,2,2,3
"364",300280,24,0,5,5,4,2,3,4,4,2,4,2,5,4,5,4,5,2,2,2,4,4,4,3
"365",300281,24,0,5,5,3,3,2,3,3,3,3,4,4,4,5,3,2,3,3,2,4,3,4,3
"366",300285,24,0,3,3,3,1,3,3,2,3,3,3,2,2,4,3,2,2,3,2,4,3,3,3
"367",300290,24,0,5,5,2,4,4,2,2,4,2,2,4,2,4,4,1,5,2,5,4,4,3,3
"368",300294,24,0,4,3,2,2,3,3,2,1,1,1,2,2,3,1,2,1,2,1,3,1,1,3
"369",300297,24,0,4,4,3,2,4,3,2,2,1,2,4,2,4,3,3,1,3,2,2,3,2,3
"370",300302,24,0,5,2,3,2,5,3,3,5,3,2,5,3,4,5,2,2,3,3,3,3,3,3
"371",300303,24,0,3,2,3,2,3,3,2,2,2,2,3,2,3,3,2,2,2,2,2,3,2,3
"372",300308,24,0,4,2,2,5,5,5,2,5,3,2,3,4,3,3,2,2,3,2,2,4,5,3
"373",300309,24,0,5,3,4,2,5,4,3,4,2,2,4,4,4,3,3,2,3,2,4,2,3,3
"374",300323,24,0,4,3,3,5,4,3,2,3,3,2,3,2,3,3,3,2,3,2,3,3,3,3
"375",300327,24,0,4,3,4,3,4,2,2,3,2,2,2,2,2,4,2,2,2,2,2,3,2,3
"376",300332,24,0,4,3,3,2,3,3,2,2,3,2,3,3,3,2,2,2,2,2,3,2,3,3
"377",300336,24,0,4,4,5,4,4,4,3,4,3,4,4,4,4,4,4,3,4,4,4,4,4,3
"378",300338,24,0,4,2,2,1,3,1,4,3,2,2,3,2,2,3,2,2,3,2,2,2,1,3
"379",300343,24,0,5,5,2,5,4,5,3,3,5,3,4,5,3,4,4,2,5,1,3,3,4,3
"380",300350,24,0,4,2,3,2,5,2,3,3,2,2,3,2,1,2,1,1,2,2,4,2,1,3
"381",300356,24,0,4,4,2,2,3,3,4,2,2,1,3,3,4,4,3,2,2,2,3,2,3,3
"382",300359,24,0,4,5,3,3,5,3,3,2,3,2,3,2,2,3,2,2,2,1,3,2,3,3
"383",300360,24,0,3,2,3,1,3,2,2,2,3,3,3,2,3,2,4,2,3,2,2,3,2,3
"384",300361,24,0,3,3,3,2,2,4,3,2,3,2,3,3,3,2,3,3,3,2,3,3,3,3
"385",300367,24,0,4,5,4,2,4,4,3,4,4,4,3,2,4,2,3,2,3,3,1,2,3,3
"386",300373,24,0,3,3,4,5,5,5,5,3,4,5,2,3,5,3,4,4,5,2,5,5,5,3
"387",300377,24,0,3,4,2,4,4,2,2,3,4,2,2,3,4,4,4,2,2,2,2,4,3,3
"388",300383,24,0,1,3,2,1,3,3,2,2,2,3,3,3,3,2,4,2,2,2,2,2,2,3
"389",300393,24,0,3,4,2,2,3,3,3,2,2,2,4,3,3,2,3,2,2,1,2,2,3,3
"390",300396,24,0,4,4,2,3,4,2,2,2,1,1,3,2,2,3,3,2,3,2,2,3,2,3
"391",300400,24,0,4,5,4,2,4,4,3,3,3,4,4,4,4,3,3,3,2,1,2,3,3,3
"392",300403,24,0,2,2,2,1,2,2,2,2,2,4,2,2,3,2,2,2,2,2,2,2,2,3
"393",300404,24,0,4,3,3,2,3,3,3,2,3,3,4,3,3,3,3,2,3,2,3,2,3,3
"394",300409,24,0,5,3,3,5,5,3,2,3,2,2,4,2,4,4,3,1,2,1,4,3,4,3
"395",300410,24,0,5,4,4,4,5,5,5,4,4,4,5,4,4,5,5,2,3,3,5,5,5,3
"396",300415,24,0,5,4,3,3,5,3,3,5,3,3,4,4,3,4,3,2,2,2,3,3,3,3
"397",300418,24,0,4,2,4,3,3,4,3,3,4,4,5,5,4,4,2,1,4,2,3,5,5,3
"398",300421,24,0,3,4,3,2,4,2,3,2,2,3,2,2,3,3,3,2,2,4,2,3,3,3
"399",300424,24,0,3,3,2,2,3,2,2,3,2,2,3,3,3,3,2,2,1,2,1,2,2,3
"400",300428,24,0,3,3,3,1,3,2,4,2,2,2,3,2,3,3,2,2,2,2,3,2,2,3
"401",300440,24,0,4,1,NA,3,3,1,1,2,1,3,3,1,3,1,2,2,3,2,3,3,2,3
"402",300444,24,0,3,3,2,3,3,4,2,3,2,2,5,2,4,5,2,2,3,2,3,4,4,3
"403",300453,24,0,4,2,1,2,2,3,2,2,2,2,2,2,2,2,2,2,2,2,2,2,2,3
"404",300456,24,0,2,2,3,2,2,2,4,2,4,2,4,2,4,3,3,2,1,1,3,2,4,3
"405",300477,24,0,2,2,2,4,2,2,2,2,2,2,2,2,3,2,2,2,2,2,2,3,3,3
"406",300478,24,0,3,4,4,2,3,2,4,2,3,3,3,2,4,5,4,2,3,2,3,3,2,3
"407",300481,24,0,3,2,2,2,3,3,2,2,3,2,3,4,3,2,3,1,2,1,1,3,2,3
"408",300486,24,0,4,4,3,2,3,2,2,2,2,2,2,2,2,2,3,2,2,2,3,2,3,3
"409",300490,24,0,5,4,3,5,5,4,5,5,5,3,5,4,5,5,3,3,4,3,5,3,5,3
"410",300495,24,0,4,2,2,3,4,2,2,4,2,2,4,2,4,3,2,2,3,2,2,3,2,3
"411",300501,24,0,5,5,5,5,5,5,4,5,5,5,4,5,5,5,5,3,5,5,5,5,5,3
"412",300503,24,0,3,3,2,2,3,2,2,2,3,3,2,2,2,2,2,2,2,2,2,2,2,3
"413",300504,24,0,4,5,5,5,5,4,4,4,5,5,4,4,5,4,4,4,4,3,4,4,4,3
"414",300520,24,0,4,1,2,2,3,3,3,3,3,3,3,2,3,3,3,3,3,2,3,3,3,3
"415",300521,24,0,4,4,2,2,4,2,2,2,2,2,3,3,4,3,2,1,2,2,2,3,2,3
"416",300524,24,0,2,3,2,1,3,2,1,2,1,2,2,2,2,2,3,1,2,1,1,1,1,3
"417",300527,24,0,3,1,2,1,3,2,2,1,2,2,4,2,2,2,2,2,3,2,2,2,2,3
"418",300532,24,0,1,3,5,2,1,3,5,1,1,2,1,1,4,3,5,5,4,1,4,2,2,3
"419",300538,24,0,5,3,4,5,5,5,3,4,4,3,4,3,4,4,3,2,2,2,2,3,3,3
"420",300542,24,0,4,4,3,4,4,4,3,3,4,2,4,3,4,5,4,3,3,3,4,4,4,3
"421",300553,24,0,5,5,3,1,5,2,3,4,3,3,3,2,3,3,3,2,2,2,2,2,2,3
"422",300562,24,0,1,5,4,1,2,3,3,2,1,3,3,2,3,2,3,2,1,2,4,2,2,3
"423",300564,24,0,5,2,2,3,5,3,2,3,2,2,3,2,2,3,2,2,3,3,2,3,3,3
"424",300576,24,0,4,4,2,3,3,2,3,2,2,2,4,5,3,3,5,1,3,1,3,2,3,3
"425",300578,24,0,4,3,2,3,3,4,2,2,2,2,2,2,3,3,2,2,4,4,3,3,3,3
"426",300585,24,0,3,4,2,4,4,2,2,4,4,2,4,3,3,3,3,2,3,2,2,2,2,3
"427",300639,24,0,1,3,3,3,3,3,2,2,3,3,3,3,3,4,4,2,3,3,2,3,4,3
"428",300660,24,0,5,3,4,2,5,2,4,3,3,3,4,3,5,3,3,3,4,3,5,3,3,3
"429",300661,24,0,4,3,3,2,4,2,3,4,4,4,4,3,3,3,3,2,3,2,2,2,2,3
"430",300667,24,0,5,1,2,2,5,2,2,5,3,2,4,3,4,4,2,2,3,3,2,2,2,3
"431",300703,24,0,5,5,5,5,5,5,4,5,3,5,5,5,5,5,5,5,5,3,3,3,5,3
"432",300710,24,0,4,2,2,4,3,5,2,3,3,2,3,2,2,3,2,2,3,2,3,3,2,3
"433",300735,24,0,5,5,5,5,5,5,5,5,5,5,5,5,5,5,5,5,5,5,5,5,5,3
"434",300804,24,0,4,2,2,3,3,2,2,2,2,2,3,2,3,3,4,2,3,2,2,2,2,3
"435",300816,24,0,5,5,4,4,4,4,4,4,4,3,4,4,4,5,4,3,4,3,3,4,3,3
"436",300818,24,0,5,5,4,5,4,5,4,4,4,4,5,5,5,5,5,4,4,3,4,4,4,3
"437",300838,24,0,4,3,3,5,4,5,2,3,4,3,4,5,3,4,3,2,4,4,3,4,4,3
"438",300852,24,0,4,3,3,1,5,1,5,4,1,3,3,1,3,3,3,1,1,2,4,1,1,3
"439",300861,24,0,3,4,3,2,3,3,2,2,3,2,4,4,3,3,4,2,2,2,3,3,2,3
"440",400001,24,0,3,2,2,1,3,3,2,2,3,3,2,2,3,3,3,2,2,2,2,2,1,4
"441",400004,24,0,4,3,4,1,4,2,2,3,2,2,4,2,2,2,3,2,2,2,2,2,2,4
"442",400008,24,0,3,2,4,3,1,2,2,1,2,1,2,1,3,2,3,1,3,1,3,3,2,4
"443",400022,24,0,4,5,4,5,5,4,4,5,5,4,4,5,4,5,4,3,3,2,3,2,3,4
"444",400024,24,0,3,3,3,3,4,2,3,3,4,3,3,2,4,3,2,2,3,2,3,3,3,4
"445",400032,24,0,3,4,4,4,4,4,4,4,3,3,4,4,3,3,4,3,2,2,3,4,3,4
"446",400038,24,0,3,4,3,2,2,2,2,3,3,3,4,3,2,3,3,1,2,2,1,2,2,4
"447",400046,24,0,3,2,4,2,3,3,2,3,5,3,5,4,4,5,5,2,2,2,5,2,4,4
"448",400047,24,0,4,4,4,5,4,4,3,4,4,4,5,4,NA,NA,NA,NA,NA,NA,NA,NA,NA,4
"449",400051,24,0,4,4,3,1,4,2,2,3,2,2,3,2,4,4,4,2,2,2,2,2,2,4
"450",400067,24,0,4,2,5,5,5,5,3,3,5,3,4,4,4,5,5,1,3,2,2,2,4,4
"451",400068,24,0,2,4,4,4,2,5,2,3,4,2,3,5,5,4,4,3,2,2,3,5,3,4
"452",400069,24,0,3,3,3,4,3,3,2,3,3,2,3,2,3,3,2,2,2,2,3,4,3,4
"453",400079,24,0,4,5,3,4,4,5,5,5,5,5,4,4,5,4,5,5,5,3,4,4,3,4
"454",400081,24,0,5,3,4,5,5,3,3,4,4,3,5,5,4,4,4,3,5,3,3,5,4,4
"455",400085,24,0,3,2,2,3,3,2,2,3,2,2,3,3,3,2,2,2,2,2,2,2,2,4
"456",400090,24,0,4,3,2,1,4,2,2,3,2,2,3,2,2,2,2,2,2,2,2,2,2,4
"457",400099,24,0,3,5,4,4,4,4,3,3,3,3,3,3,3,3,4,3,3,2,3,3,3,4
"458",400108,24,0,4,1,1,1,2,2,1,2,1,1,2,1,2,2,2,1,1,1,1,1,1,4
"459",400119,24,0,5,5,4,5,5,5,5,5,5,4,4,5,5,4,5,4,4,3,5,4,4,4
"460",400120,24,0,4,4,2,2,3,4,2,2,2,3,3,2,3,4,4,2,2,2,4,3,3,4
"461",400136,24,0,4,3,2,2,3,2,2,3,2,2,3,2,4,3,2,2,2,2,3,3,3,4
"462",400139,24,0,5,4,3,2,4,2,2,4,3,3,3,2,4,3,4,2,3,2,3,3,3,4
"463",400146,24,0,5,4,5,5,5,3,5,5,5,4,5,5,5,5,5,3,4,5,5,4,5,4
"464",400152,24,0,3,3,3,2,3,3,2,2,2,2,2,2,3,2,3,2,2,2,2,2,2,4
"465",400156,24,0,4,2,3,1,4,2,2,4,2,3,3,2,3,4,2,2,1,2,3,1,1,4
"466",400164,24,0,3,3,2,1,2,2,1,2,2,2,3,1,3,3,3,1,1,1,1,2,3,4
"467",400171,24,0,4,4,4,3,4,2,4,4,3,4,3,3,4,4,4,2,3,3,3,3,3,4
"468",400172,24,0,5,4,2,1,5,3,2,2,2,2,2,2,3,4,4,1,1,1,2,1,2,4
"469",400173,24,0,1,4,3,2,4,4,3,2,2,2,3,2,2,4,4,2,2,2,4,3,2,4
"470",400182,24,0,4,3,3,1,4,3,2,4,4,3,4,4,4,4,3,3,3,2,2,2,3,4
"471",400204,24,0,3,4,3,3,4,4,2,3,2,2,3,3,2,3,2,2,2,2,3,3,3,4
"472",400205,24,0,4,5,3,2,4,2,3,3,2,2,4,2,3,3,4,2,3,2,4,2,3,4
"473",400207,24,0,4,4,2,1,3,2,2,4,1,2,3,1,4,3,3,1,2,1,2,2,2,4
"474",400215,24,0,3,4,3,2,2,2,2,2,2,2,3,2,3,3,2,2,2,2,2,2,2,4
"475",400228,24,0,5,5,3,1,5,5,3,5,5,3,5,5,5,5,5,2,4,3,3,5,2,4
"476",400232,24,0,3,4,3,4,3,4,2,3,2,3,4,4,4,4,4,2,3,2,2,4,4,4
"477",400237,24,0,4,2,2,4,4,2,4,3,4,3,4,2,2,3,4,2,1,3,4,3,4,4
"478",400258,24,0,4,5,5,4,4,5,5,3,5,5,4,4,5,3,5,4,4,3,5,5,5,4
"479",400264,24,0,3,3,3,3,2,3,3,2,2,3,4,2,3,2,3,2,2,2,2,3,2,4
"480",400265,24,0,4,4,3,2,4,2,4,4,4,4,4,3,4,4,4,3,3,2,3,2,2,4
"481",400266,24,0,5,3,3,5,5,3,3,5,3,3,5,3,5,5,4,3,5,5,5,5,5,4
"482",400283,24,0,4,3,4,1,4,2,3,2,2,3,3,2,3,2,3,2,3,1,2,2,2,4
"483",400290,24,0,3,2,2,2,2,2,3,2,2,3,2,2,2,2,2,2,2,2,2,2,2,4
"484",400298,24,0,2,4,3,2,2,2,3,2,2,3,3,3,4,3,4,2,3,2,2,3,3,4
"485",400300,24,0,3,4,2,2,3,4,2,2,2,3,4,2,3,3,3,1,2,2,2,2,2,4
"486",400303,24,0,3,2,2,1,3,1,1,3,2,2,3,2,3,2,2,2,1,1,2,2,2,4
"487",400314,24,0,2,2,4,1,2,2,2,1,2,3,2,1,3,2,4,2,2,1,2,2,2,4
"488",400317,24,0,2,2,1,2,2,1,2,1,2,2,2,2,3,2,3,1,2,2,2,2,2,4
"489",400318,24,0,5,5,3,4,5,5,3,4,4,3,5,4,5,5,5,2,5,2,3,4,5,4
"490",400322,24,0,2,3,2,2,2,3,2,2,3,1,2,3,3,3,3,1,1,1,1,1,1,4
"491",400333,24,0,4,5,3,4,5,5,3,4,4,3,5,4,4,4,3,2,3,3,3,4,5,4
"492",400342,24,0,4,5,5,5,4,5,3,4,4,5,4,5,5,3,4,4,4,3,3,4,4,4
"493",400344,24,0,4,4,3,2,3,3,2,2,2,3,4,4,NA,NA,NA,NA,NA,NA,NA,NA,NA,4
"494",400351,24,0,5,3,3,2,2,1,2,3,3,3,2,2,4,3,4,2,1,1,NA,2,2,4
"495",400355,24,0,4,4,2,3,5,2,2,3,2,3,3,2,3,3,3,2,3,2,2,3,3,4
"496",400361,24,0,3,2,3,2,3,2,3,2,2,2,2,2,3,2,3,2,3,2,3,3,3,4
"497",400367,24,0,3,5,2,1,3,5,3,3,3,3,3,3,3,3,3,2,3,2,2,3,3,4
"498",400373,24,0,5,4,3,5,5,2,2,5,5,3,4,2,5,3,2,2,5,2,4,4,4,4
"499",400377,24,0,4,5,4,4,4,3,3,4,3,3,4,2,4,4,4,2,4,3,3,3,4,4
"500",400379,24,0,5,3,3,2,5,2,2,4,2,2,4,2,4,5,3,2,3,2,2,3,2,4
"501",400381,24,0,5,4,3,1,5,3,3,5,5,3,5,5,4,5,5,3,3,3,3,3,2,4
"502",400383,24,0,5,NA,4,5,4,3,3,3,2,3,3,3,3,3,3,3,4,3,3,3,4,4
"503",400392,24,0,5,5,4,3,5,4,2,3,5,3,5,3,3,4,5,4,2,2,4,4,3,4
"504",400393,24,0,3,4,3,2,3,4,4,2,2,3,2,4,4,2,3,2,2,2,4,3,3,4
"505",400399,24,0,3,3,2,1,3,1,1,1,1,1,2,1,2,2,2,1,1,1,1,1,1,4
"506",400400,24,0,3,3,2,3,2,2,2,2,2,2,3,3,3,1,2,2,3,1,1,2,2,4
"507",400413,24,0,3,4,3,2,3,2,3,2,2,3,4,3,3,4,4,2,3,2,2,3,2,4
"508",400414,24,0,3,4,4,3,2,5,4,3,3,4,5,4,5,5,4,2,5,3,4,4,4,4
"509",400416,24,0,3,5,3,2,3,2,2,3,3,3,4,3,3,3,3,3,2,2,3,2,2,4
"510",400421,24,0,4,3,3,3,4,3,3,3,2,2,3,3,3,3,3,2,3,2,2,3,3,4
"511",400423,24,0,4,4,3,2,4,3,2,3,3,3,3,4,3,3,2,2,3,2,2,2,2,4
"512",400430,24,0,3,2,4,4,3,3,3,3,2,2,3,2,3,3,3,3,3,2,3,2,4,4
"513",400438,24,0,4,3,4,2,3,2,3,2,3,3,2,2,2,2,2,2,2,2,2,2,2,4
"514",400440,24,0,4,3,4,3,4,3,2,3,3,2,2,2,2,2,2,2,2,2,3,3,3,4
"515",400445,24,0,5,5,5,5,5,5,5,5,5,5,5,5,5,5,5,5,5,5,5,5,5,4
"516",400455,24,0,4,5,4,5,4,5,5,4,5,3,4,5,5,4,5,2,4,2,3,2,2,4
"517",400469,24,0,4,2,4,4,4,2,3,4,3,3,3,2,4,4,3,2,3,3,3,3,3,4
"518",400470,24,0,3,5,3,4,4,5,3,3,5,4,4,5,5,3,5,4,4,3,3,3,4,4
"519",400477,24,0,4,2,4,3,3,2,2,3,2,2,3,2,3,3,2,2,2,2,3,2,2,4
"520",400478,24,0,5,5,3,4,5,5,3,5,2,3,5,2,5,5,5,3,5,3,3,3,3,4
"521",400487,24,0,2,3,3,2,2,3,3,2,2,3,3,2,3,2,2,2,2,2,3,2,2,4
"522",400490,24,0,3,4,3,3,3,2,2,2,3,3,1,2,4,3,4,1,1,1,2,2,1,4
"523",400491,24,0,4,4,2,4,4,2,2,2,2,3,3,2,4,3,3,2,2,2,2,2,3,4
"524",400492,24,0,4,5,4,5,4,4,3,4,4,4,4,4,4,4,4,3,4,3,3,4,4,4
"525",400499,24,0,4,3,2,4,3,3,5,3,2,2,2,2,3,2,2,2,3,1,2,2,2,4
"526",400502,24,0,3,3,2,3,4,3,3,4,3,2,4,3,2,4,3,2,2,2,2,2,3,4
"527",400503,24,0,5,3,3,4,3,2,2,3,3,3,4,3,4,4,3,2,4,1,4,3,3,4
"528",400517,24,0,2,2,2,2,2,2,2,2,2,2,1,1,2,2,2,2,1,1,1,1,2,4
"529",400519,24,0,5,4,3,4,4,4,4,5,3,3,3,3,4,4,2,3,4,2,4,4,3,4
"530",400524,24,0,4,4,3,2,4,3,3,3,3,2,3,2,4,3,3,2,3,2,2,3,2,4
"531",400526,24,0,5,4,5,3,4,3,3,4,5,2,5,3,3,4,5,3,4,2,4,3,4,4
"532",400537,24,0,4,5,3,3,2,5,3,2,2,3,3,4,3,2,5,2,3,1,2,3,3,4
"533",400540,24,0,5,5,4,5,5,4,4,5,3,3,4,4,4,3,4,3,2,2,3,3,3,4
"534",400544,24,0,5,4,3,3,5,3,2,4,3,4,5,3,4,4,3,3,3,2,3,3,3,4
"535",400561,24,0,5,4,4,2,5,4,3,5,4,3,5,4,4,4,4,3,4,2,3,4,3,4
"536",400562,24,0,3,4,3,2,3,3,2,3,2,4,3,3,4,4,4,2,2,2,2,2,2,4
"537",400564,24,0,4,3,2,1,4,2,1,2,1,2,3,1,2,2,3,1,1,4,1,1,1,4
"538",400574,24,0,4,5,4,3,5,5,2,3,3,3,2,5,5,5,5,3,3,2,3,3,4,4
"539",400585,24,0,3,4,3,4,3,5,3,3,5,3,3,5,4,3,4,2,2,2,2,3,3,4
"540",400588,24,0,3,3,3,4,4,3,2,3,2,3,4,2,4,2,4,2,4,2,4,3,4,4
"541",400594,24,0,4,5,5,2,3,2,4,2,1,3,2,2,3,3,5,2,2,3,2,2,2,4
"542",400604,24,0,3,2,2,2,2,2,2,2,2,2,3,2,3,3,3,2,2,2,2,2,2,4
"543",400621,24,0,4,5,2,1,4,2,2,3,2,2,2,3,4,4,5,2,2,2,2,2,3,4
"544",400631,24,0,5,3,5,5,5,5,4,5,3,4,5,4,5,5,3,2,3,4,5,5,5,4
"545",400635,24,0,4,2,2,4,4,3,3,3,4,2,3,3,3,3,2,2,3,1,3,2,3,4
"546",400636,24,0,4,4,5,3,4,4,5,4,4,4,4,5,4,3,4,3,4,2,4,3,2,4
"547",400659,24,0,4,3,2,4,4,3,2,3,2,3,3,3,4,3,3,2,3,2,3,2,3,4
"548",400664,24,0,2,3,2,2,2,2,2,2,2,2,3,2,2,2,2,2,2,2,2,2,2,4
"549",400666,24,0,2,3,2,3,2,3,3,3,3,3,2,3,3,3,3,3,2,2,2,3,2,4
"550",400671,24,0,3,3,2,5,3,4,3,2,2,2,5,1,4,4,5,2,3,2,3,3,3,4
"551",400673,24,0,3,4,3,1,2,2,2,2,2,2,2,2,3,3,4,2,3,1,2,3,2,4
"552",400690,24,0,3,3,3,2,3,2,2,3,3,2,3,2,2,3,3,2,2,2,2,2,2,4
"553",400699,24,0,4,3,2,1,3,2,2,3,2,2,2,2,4,4,3,1,1,1,1,1,2,4
"554",400701,24,0,4,3,2,2,2,3,2,2,2,2,2,2,2,2,3,1,2,2,2,3,2,4
"555",400702,24,0,3,5,2,3,3,4,2,3,3,2,4,3,3,3,3,2,2,2,2,3,2,4
"556",400709,24,0,4,4,4,4,4,4,4,4,4,4,4,4,4,3,4,4,4,2,4,4,4,4
"557",400718,24,0,5,3,4,2,3,3,3,4,3,2,5,4,4,5,3,2,2,4,1,2,2,4
"558",400724,24,0,3,5,3,2,3,3,3,2,2,2,4,4,3,3,4,2,2,2,2,2,2,4
"559",400730,24,0,4,2,4,2,4,3,3,3,3,3,3,2,4,4,4,3,3,2,3,3,3,4
"560",500001,24,0,4,4,3,3,4,5,5,5,4,3,3,4,4,3,3,3,3,2,3,3,4,5
"561",500016,24,0,4,2,3,3,3,3,3,3,2,2,3,2,3,2,3,2,2,2,2,3,2,5
"562",500018,24,0,3,3,3,2,2,4,2,2,2,2,2,2,3,2,2,2,2,2,3,2,2,5
"563",500033,24,0,4,5,4,1,4,2,3,3,3,3,4,3,3,5,4,3,3,1,2,2,3,5
"564",500045,24,0,4,4,2,2,3,2,2,2,2,1,2,2,4,2,2,2,2,1,2,2,2,5
"565",500063,24,0,4,5,5,5,4,5,5,5,5,5,4,5,5,3,5,2,3,2,4,3,4,5
"566",500079,24,0,3,4,3,3,4,4,3,3,2,2,3,3,4,2,3,2,2,2,2,2,3,5
"567",500090,24,0,5,5,3,4,5,3,2,4,4,3,4,3,4,4,5,2,4,2,2,3,3,5
"568",500098,24,0,3,2,2,3,3,2,3,2,2,1,3,2,2,3,2,1,2,2,4,2,2,5
"569",500105,24,0,5,3,5,2,5,2,3,4,3,2,4,3,5,3,3,2,3,2,3,2,2,5
"570",500108,24,0,3,5,3,3,2,2,2,2,3,2,2,3,4,2,4,2,2,1,2,3,3,5
"571",500111,24,0,4,5,3,4,5,4,3,3,3,3,4,2,4,4,3,2,3,2,4,4,4,5
"572",500113,24,0,5,3,3,5,5,5,3,5,3,3,5,5,5,3,2,2,3,2,2,3,3,5
"573",500126,24,0,5,4,4,4,5,4,3,5,4,2,4,3,4,4,4,2,3,2,3,3,2,5
"574",500139,24,0,3,4,3,4,3,3,3,3,4,3,3,5,3,3,4,2,3,2,3,3,4,5
"575",500145,24,0,5,3,5,1,5,2,4,3,3,3,3,2,4,5,3,2,3,2,3,3,2,5
"576",500158,24,0,5,5,5,4,4,5,4,5,4,3,3,5,5,5,5,3,5,3,5,4,3,5
"577",500160,24,0,4,4,3,4,4,2,2,3,2,3,4,3,4,4,5,3,3,2,3,3,3,5
"578",500166,24,0,1,1,2,1,5,1,2,1,2,3,1,5,5,4,2,2,5,3,2,1,5,5
"579",500183,24,0,3,3,2,2,3,2,2,2,2,2,2,1,3,3,2,2,2,2,2,3,3,5
"580",500185,24,0,5,4,5,4,5,4,2,2,1,2,5,3,3,3,3,1,2,2,2,2,2,5
"581",500192,24,0,3,3,2,4,3,2,2,3,2,2,3,3,3,2,2,2,2,2,3,3,3,5
"582",500193,24,0,3,3,3,4,2,2,2,2,2,3,2,2,4,3,4,2,4,2,3,3,2,5
"583",500202,24,0,4,3,3,3,4,4,2,4,3,3,3,3,3,3,2,2,2,2,3,3,3,5
"584",500204,24,0,4,3,2,3,4,4,3,2,2,2,3,4,3,2,2,2,2,2,2,4,4,5
"585",500213,24,0,4,5,3,4,5,5,4,4,4,2,4,5,3,4,3,2,3,2,2,4,5,5
"586",500237,24,0,4,4,3,4,4,4,3,4,3,3,3,3,4,2,3,2,3,3,3,3,3,5
"587",500242,24,0,4,2,2,1,5,2,1,3,1,1,2,1,2,2,2,2,1,1,1,2,2,5
"588",500250,24,0,4,4,3,4,3,3,3,3,3,3,3,3,3,4,3,3,3,2,3,4,4,3
"589",500265,24,0,5,5,4,3,5,5,5,3,5,5,5,4,5,5,5,2,3,2,5,2,3,5
"590",500270,24,0,4,4,4,2,2,2,3,2,2,2,4,2,3,3,3,2,3,2,2,2,3,5
"591",500271,24,0,4,3,3,2,4,5,4,3,4,3,4,4,3,3,3,2,2,2,2,2,2,5
"592",500273,24,0,5,5,5,3,4,3,2,3,5,4,5,5,4,2,5,2,3,1,3,3,5,5
"593",500274,24,0,4,3,3,2,3,2,2,2,2,3,4,2,4,2,2,2,3,2,2,2,2,5
"594",500299,24,0,5,5,5,3,5,3,3,5,3,4,3,3,4,3,4,2,4,2,1,1,1,5
"595",500320,24,0,4,2,2,1,3,2,2,3,2,2,3,2,3,2,2,2,2,2,2,2,2,5
"596",500323,24,0,3,3,2,2,4,2,3,4,5,3,4,3,4,4,2,2,3,3,3,2,3,5
"597",500328,24,0,5,4,4,4,5,5,4,4,4,3,3,4,4,3,3,2,4,2,4,5,4,5
"598",500329,24,0,3,2,2,2,2,2,2,2,2,2,1,2,3,3,2,2,3,2,3,3,3,5
"599",500330,24,0,4,4,4,4,5,2,3,3,4,5,3,3,5,3,4,3,4,2,4,4,3,5
"600",500333,24,0,1,2,3,1,1,3,4,1,1,3,1,3,2,1,3,1,1,1,3,2,1,5
"601",500340,24,0,4,4,4,4,4,2,3,3,3,3,4,2,4,4,3,2,3,2,3,3,3,5
"602",500343,24,0,1,1,3,2,2,2,2,3,1,2,2,2,2,3,2,2,2,2,2,2,2,5
"603",500347,24,0,5,2,2,5,5,5,4,4,4,3,5,5,4,5,5,3,4,5,3,5,5,5
"604",500365,24,0,3,2,3,2,2,2,2,2,2,2,2,2,2,2,2,2,3,2,3,2,3,5
"605",500374,24,0,3,4,4,4,5,4,4,3,3,3,4,3,3,2,4,2,2,2,3,3,4,5
"606",500406,24,0,3,2,2,2,3,3,2,3,3,2,5,3,3,3,4,2,3,1,2,3,2,5
"607",500408,24,0,3,3,2,2,3,2,2,2,2,2,3,3,3,2,3,2,2,2,2,2,2,5
"608",500416,24,0,4,4,4,4,5,4,3,4,3,3,3,2,3,4,4,2,3,3,3,4,3,5
"609",500429,24,0,4,2,4,3,4,5,3,3,3,4,3,3,4,3,4,2,3,2,4,4,4,5
"610",500432,24,0,3,3,4,3,3,2,2,3,2,2,2,2,3,4,3,2,2,2,2,2,2,5
"611",500433,24,0,4,5,2,1,4,1,1,3,4,2,3,5,4,3,4,1,2,1,1,1,2,5
"612",500435,24,0,4,2,3,4,4,4,3,3,3,3,4,3,3,3,3,3,4,3,3,3,4,5
"613",500441,24,0,4,4,3,4,4,4,4,4,3,3,4,4,4,3,3,2,3,3,2,3,3,5
"614",500456,24,0,5,5,3,3,4,3,4,3,5,3,3,4,4,3,5,2,3,2,4,4,4,5
"615",500468,24,0,3,3,2,2,2,2,3,2,1,2,2,2,2,2,3,2,1,1,1,1,2,5
"616",500469,24,0,3,2,3,2,3,3,4,2,2,2,2,2,3,2,3,2,3,2,3,2,3,5
"617",500480,24,0,4,4,5,5,5,4,5,4,3,3,3,3,4,4,3,3,3,2,4,4,5,5
"618",500492,24,0,4,2,2,1,3,1,1,4,1,2,3,2,4,3,3,2,3,2,2,2,2,5
"619",500493,24,0,2,4,4,2,2,3,4,3,3,4,2,4,4,3,3,2,3,2,4,2,4,5
"620",500499,24,0,5,5,5,5,5,5,4,5,5,5,5,5,5,5,5,5,5,5,5,3,5,5
"621",500520,24,0,3,5,5,4,3,5,2,3,4,4,2,5,5,3,5,2,2,3,3,2,3,5
"622",500527,24,0,4,3,3,2,4,2,2,3,2,3,4,2,3,2,2,2,3,3,2,3,2,5
"623",500533,24,0,4,3,4,3,3,2,5,3,4,5,3,3,4,3,4,3,2,2,2,3,2,5
"624",500535,24,0,3,4,4,3,3,5,4,3,4,4,4,4,4,4,4,3,3,2,2,3,3,5
"625",500536,24,0,5,4,2,4,4,3,2,2,3,3,3,3,3,4,3,2,3,2,2,3,3,5
"626",500540,24,0,4,3,2,3,4,4,3,2,3,3,3,3,3,3,3,2,3,2,3,3,3,5
"627",500544,24,0,3,4,4,2,2,3,2,2,2,2,2,3,3,2,3,2,2,1,1,2,2,5
"628",500550,24,0,4,3,2,1,4,2,1,3,2,4,3,2,4,4,3,1,2,1,1,3,1,5
"629",500557,24,0,5,1,4,3,4,4,3,4,4,3,4,4,4,4,5,3,4,2,3,3,4,5
"630",500567,24,0,5,5,4,4,5,5,3,4,5,3,4,4,5,3,4,2,4,2,4,3,4,5
"631",500572,24,0,2,3,2,1,2,2,1,2,2,2,2,2,3,2,4,2,2,1,2,2,2,5
"632",500574,24,0,3,2,2,3,2,4,2,1,2,1,2,3,3,2,2,2,2,2,2,3,2,5
"633",500575,24,0,4,3,2,1,3,2,2,2,1,2,5,3,3,4,3,1,1,1,2,2,1,5
"634",500576,24,0,5,4,3,2,5,4,2,4,3,2,4,2,4,4,4,2,2,2,2,3,3,5
"635",500580,24,0,2,3,1,2,1,3,2,2,3,2,2,2,4,2,3,2,1,1,1,2,2,5
"636",500584,24,0,3,4,4,2,2,4,3,2,2,3,3,4,3,2,4,2,2,2,4,3,2,5
"637",500587,24,0,3,2,3,3,3,3,2,3,2,3,3,3,3,3,2,2,3,2,3,3,3,5
"638",500588,24,0,4,5,4,4,2,3,2,4,3,2,4,4,3,3,3,2,2,2,3,4,4,5
"639",500599,24,0,2,2,2,2,2,2,3,2,2,2,2,2,2,2,2,2,2,1,1,2,2,5
"640",500603,24,0,3,2,2,1,3,1,1,2,1,1,4,1,2,2,3,1,1,1,1,1,1,5
"641",500606,24,0,4,3,3,3,4,2,3,3,2,3,4,2,4,4,3,2,2,2,2,3,3,3
"642",500625,24,0,4,5,3,4,4,3,3,4,2,4,3,3,4,2,3,2,3,1,3,3,3,5
"643",500634,24,0,1,1,4,3,4,4,3,3,3,3,4,4,4,3,5,2,3,2,3,3,3,5
"644",500642,24,0,4,3,4,1,5,2,3,4,2,3,4,2,3,2,4,2,5,2,3,3,3,5
"645",500653,24,0,4,3,4,4,3,3,3,2,5,3,4,4,5,4,4,2,4,2,2,3,3,5
"646",500655,24,0,4,4,4,2,4,2,2,2,2,2,3,2,3,2,2,2,2,2,2,2,2,5
"647",500661,24,0,3,2,2,2,4,4,2,2,2,2,3,3,2,2,2,2,2,2,2,3,2,5
"648",500663,24,0,4,5,3,3,4,4,2,2,3,3,2,3,3,3,3,1,2,1,2,2,3,5
"649",500671,24,0,2,3,5,3,2,4,1,1,3,2,2,4,2,2,2,2,2,2,2,2,2,5
"650",500682,24,0,4,4,4,3,4,2,4,4,4,4,4,3,4,4,4,2,3,2,NA,3,3,5
"651",500689,24,0,5,5,2,2,5,4,2,4,2,2,4,3,4,4,4,2,4,2,3,3,2,5
"652",500694,24,0,3,5,3,3,3,4,2,3,3,2,3,3,3,3,4,2,1,2,2,2,2,5
"653",500699,24,0,3,3,3,1,3,2,2,2,2,3,3,2,5,3,4,3,3,2,2,2,2,5
"654",500702,24,0,4,3,3,4,4,2,3,3,2,2,4,3,3,4,3,2,3,3,3,3,3,5
"655",500706,24,0,4,1,3,1,3,2,3,2,2,2,3,1,3,2,3,1,2,1,1,3,2,5
"656",500717,24,0,4,5,3,1,2,3,2,1,1,3,3,3,3,4,3,2,2,1,2,3,2,5
"657",500724,24,0,5,4,4,4,4,4,2,3,3,3,3,3,3,3,3,3,4,3,3,4,4,5
"658",500733,24,0,2,2,3,2,2,3,2,2,3,3,4,2,3,2,2,2,2,2,2,2,2,5
"659",500743,24,0,3,4,3,5,3,3,3,2,3,4,5,4,5,3,3,3,4,2,3,3,3,5
"660",500758,24,0,5,4,3,1,4,2,3,4,2,3,3,3,2,3,2,2,2,2,3,2,2,5
"661",500773,24,0,3,5,5,4,5,5,3,4,5,4,5,5,4,5,4,3,5,3,5,3,5,5
"662",500775,24,0,5,5,3,5,5,5,3,3,5,3,5,5,5,5,5,3,5,3,5,4,5,5
"663",500776,24,0,3,5,3,1,5,3,3,3,2,2,4,2,4,3,4,4,4,2,3,3,3,5
"664",500780,24,0,3,5,4,4,3,4,5,3,3,3,3,3,5,4,4,4,4,2,4,4,5,5
"665",500781,24,0,3,2,3,2,3,1,2,2,1,2,4,2,3,2,2,2,2,2,2,2,2,5
"666",500787,24,0,3,5,5,5,4,5,5,4,3,3,5,5,5,3,5,3,5,3,5,4,4,5
"667",500808,24,0,4,3,3,4,4,3,3,3,2,3,3,2,3,3,4,2,3,2,3,3,3,5
"668",500813,24,0,3,4,4,4,4,4,3,3,4,3,3,3,3,3,2,3,3,2,3,2,3,5
"669",500817,24,0,2,3,3,2,2,3,2,2,3,2,3,4,4,2,3,2,4,1,3,2,3,5
"670",500827,24,0,3,4,2,3,3,5,3,3,2,2,2,2,3,2,2,2,2,2,4,3,2,5
"671",500828,24,0,4,5,3,3,4,3,2,4,2,2,4,3,4,2,3,2,3,3,3,2,3,5
"672",500832,24,0,5,5,3,5,5,5,3,3,3,5,5,2,5,3,5,3,4,2,2,2,4,5
"673",500834,24,0,3,3,2,1,3,3,5,3,2,2,3,2,4,3,4,2,2,2,2,3,2,5
"674",500865,24,0,4,4,3,3,4,4,3,3,4,2,4,5,4,4,4,3,4,2,3,3,3,5
"675",500879,24,0,5,4,2,2,3,1,2,2,2,2,3,1,2,3,2,1,1,2,1,1,1,5
"676",600034,24,0,3,3,2,1,2,1,1,2,2,2,3,2,3,2,3,2,2,1,2,2,2,6
"677",600044,24,0,4,5,3,3,4,3,3,4,4,4,4,4,4,4,4,4,4,3,4,4,4,6
"678",600052,24,0,3,2,3,2,2,2,2,2,3,2,2,3,4,2,4,2,2,2,2,2,2,6
"679",600065,24,0,5,3,3,3,4,3,3,4,2,3,3,2,3,3,3,2,2,2,2,2,2,6
"680",600070,24,0,5,5,3,5,5,5,3,5,4,4,4,4,4,5,4,4,5,2,4,4,5,6
"681",600075,24,0,4,5,3,4,5,5,3,5,3,3,4,4,5,4,3,3,5,2,5,4,4,6
"682",600089,24,0,3,4,2,1,3,2,5,2,2,3,3,3,4,3,4,2,2,2,3,2,2,6
"683",600097,24,0,5,4,3,4,4,3,2,3,2,2,3,4,4,4,3,2,3,2,3,4,4,6
"684",600114,24,0,3,3,2,1,2,1,1,1,1,2,2,2,4,2,2,1,1,1,1,1,1,6
"685",600119,24,0,4,5,2,3,3,5,2,3,5,2,5,4,4,4,4,1,2,2,2,2,3,6
"686",600123,24,0,4,2,2,4,3,3,2,3,3,3,3,3,3,3,3,2,3,2,2,3,3,6
"687",600128,24,0,5,4,2,5,5,5,3,4,3,4,4,3,4,4,3,3,4,2,2,3,4,6
"688",600134,24,0,3,5,3,3,4,4,5,3,5,3,3,5,4,3,4,2,2,1,3,3,2,6
"689",600140,24,0,5,5,4,2,5,3,3,3,3,3,4,3,4,4,5,3,3,2,3,3,2,6
"690",600141,24,0,3,2,1,1,3,2,1,2,1,3,2,1,1,1,1,1,2,1,2,1,2,6
"691",600142,24,0,3,3,3,3,3,2,3,2,2,2,4,2,2,3,3,1,2,3,3,2,2,6
"692",600146,24,0,5,2,3,2,5,4,3,4,2,2,3,2,3,4,3,2,2,2,4,2,2,6
"693",600170,24,0,4,5,4,3,4,2,3,2,3,4,4,3,4,3,4,3,4,2,4,3,3,6
"694",600180,24,0,3,3,3,1,3,3,2,2,2,2,2,2,4,3,3,2,1,1,3,3,2,6
"695",600181,24,0,3,5,3,2,4,3,3,2,2,3,2,3,3,3,4,2,2,2,2,2,2,6
"696",600190,24,0,3,2,3,2,4,2,3,3,4,2,3,3,3,2,3,2,2,2,2,2,2,6
"697",600196,24,0,3,2,3,2,3,2,2,2,2,3,2,3,2,3,2,2,2,2,3,3,2,6
"698",600206,24,0,5,2,3,4,4,4,2,4,1,3,4,3,3,3,3,2,3,1,2,3,3,6
"699",600207,24,0,5,3,3,3,5,2,4,3,2,3,3,2,4,5,4,1,2,2,3,3,2,6
"700",600223,24,0,5,5,3,3,5,4,4,5,4,3,5,4,5,5,5,2,3,3,4,3,3,6
"701",600224,24,0,4,4,3,3,4,2,2,2,3,2,2,2,4,2,3,2,2,2,2,3,3,6
"702",600234,24,0,5,5,4,5,5,5,3,5,5,4,4,4,5,4,5,3,5,2,4,4,4,6
"703",600238,24,0,4,5,4,1,4,3,5,1,4,3,2,4,3,4,5,1,1,1,1,3,3,6
"704",600243,24,0,5,5,3,5,5,5,3,5,3,5,3,3,4,4,3,2,4,2,3,2,3,6
"705",600246,24,0,4,5,4,3,4,4,3,2,3,3,3,4,5,4,5,2,2,2,3,2,3,6
"706",600247,24,0,4,2,3,3,3,3,2,3,4,2,4,4,3,3,3,2,4,3,4,4,3,6
"707",600264,24,0,4,3,2,2,3,3,2,2,2,2,1,3,2,2,3,2,1,1,1,1,1,6
"708",600270,24,0,2,3,5,2,2,4,3,1,3,2,1,4,2,1,2,1,3,1,1,1,1,6
"709",600286,24,0,3,1,3,1,3,1,2,2,2,2,3,2,2,2,2,2,1,2,2,2,1,6
"710",600287,24,0,3,5,3,4,2,4,4,2,2,4,3,3,4,3,4,2,4,2,3,3,4,6
"711",600290,24,0,4,2,1,3,4,2,2,2,2,2,2,2,3,3,2,2,3,2,2,3,3,6
"712",600292,24,0,5,4,3,2,5,2,3,3,3,2,4,3,3,2,3,2,3,2,2,2,3,6
"713",600293,24,0,4,5,4,4,3,4,4,5,3,4,3,4,4,3,3,3,4,2,4,3,4,6
"714",600299,24,0,5,5,5,3,5,5,2,4,4,4,4,4,3,4,3,2,3,3,2,3,3,6
"715",600300,24,0,5,5,4,2,5,5,5,5,5,4,5,5,5,5,5,3,3,4,4,4,2,6
"716",600315,24,0,3,4,1,4,3,NA,3,4,2,2,3,4,3,4,2,NA,1,2,3,2,3,6
"717",600318,24,0,2,2,2,2,2,2,2,2,2,2,2,2,2,3,2,2,2,2,3,2,2,6
"718",600353,24,0,5,4,3,3,5,3,2,2,3,3,4,3,3,4,5,2,3,2,2,2,2,6
"719",600355,24,0,3,4,3,1,3,1,2,3,2,2,3,2,4,2,4,2,1,1,1,1,2,6
"720",600356,24,0,3,2,2,2,2,2,3,2,2,2,2,2,3,3,3,2,2,1,3,2,3,6
"721",600377,24,0,4,4,4,3,2,3,3,4,4,3,4,5,4,4,4,3,3,2,3,4,4,6
"722",600386,24,0,5,3,3,1,4,1,2,4,1,1,3,1,3,4,3,3,3,2,2,1,2,6
"723",600395,24,0,3,3,3,2,2,2,2,3,2,3,2,2,3,3,3,2,2,1,2,2,2,6
"724",600422,24,0,4,4,4,5,5,4,3,5,4,4,4,3,4,5,4,3,5,4,4,4,5,6
"725",600430,24,0,4,5,4,5,4,4,5,3,3,5,5,5,5,5,5,4,5,3,5,5,5,6
"726",600439,24,0,4,3,4,3,4,3,4,4,4,3,3,3,4,4,3,2,4,2,3,3,3,6
"727",600442,24,0,5,2,3,1,4,2,4,4,3,4,3,2,3,4,3,2,2,2,3,3,2,6
"728",600453,24,0,5,3,5,4,5,5,3,3,2,3,3,3,4,5,3,3,3,2,3,4,3,6
"729",600460,24,0,3,2,3,2,2,2,3,2,2,2,3,2,4,3,3,2,2,2,2,2,2,6
"730",600464,24,0,5,5,4,3,4,4,3,4,3,3,4,4,4,3,3,2,2,2,2,2,3,6
"731",600465,24,0,4,2,3,1,4,1,2,2,2,1,4,2,3,3,2,2,2,2,2,2,1,6
"732",600467,24,0,4,3,4,4,3,5,3,3,5,4,4,5,4,3,4,2,3,2,5,4,5,6
"733",600469,24,0,5,4,4,2,5,2,3,3,1,2,3,1,4,2,4,2,2,2,4,2,2,6
"734",600471,24,0,3,4,1,3,4,2,2,2,2,1,2,2,3,2,2,2,2,2,2,2,2,6
"735",600475,24,0,4,4,4,3,4,3,3,3,3,4,3,3,3,3,4,3,2,3,2,2,2,6
"736",600478,24,0,3,4,3,2,3,4,3,2,2,3,4,4,3,3,4,2,2,2,2,2,2,6
"737",600484,24,0,5,5,4,5,5,5,5,5,4,4,5,4,4,4,4,3,5,2,5,4,4,6
"738",600494,24,0,5,4,2,2,4,3,2,4,2,2,3,3,2,NA,4,2,4,2,2,4,4,6
"739",600502,24,0,5,4,3,2,5,2,4,5,3,3,5,3,4,5,4,2,3,3,3,3,3,6
"740",600518,24,0,4,5,3,4,4,5,5,3,4,3,4,3,5,3,5,3,3,2,3,3,5,6
"741",600531,24,0,4,4,4,2,5,2,3,3,2,3,4,2,4,4,4,2,4,2,3,2,3,6
"742",600532,24,0,5,5,3,3,4,2,3,3,4,4,3,2,4,3,5,3,3,2,3,2,3,6
"743",600533,24,0,2,2,2,1,2,2,1,1,1,1,2,1,1,2,1,1,1,1,2,1,3,6
"744",600534,24,0,5,3,3,5,3,5,2,3,2,1,2,2,3,2,3,1,2,1,2,2,2,6
"745",600540,24,0,5,5,5,5,5,5,5,5,5,5,5,5,5,4,4,4,3,3,2,2,2,6
"746",600552,24,0,5,4,4,3,3,3,3,3,2,3,4,3,3,2,5,2,3,2,4,4,4,6
"747",600553,24,0,3,4,5,2,2,3,4,2,2,3,3,2,3,2,3,2,2,2,3,2,2,6
"748",600558,24,0,4,4,4,2,3,3,2,2,2,3,2,2,3,2,3,2,2,2,2,2,2,6
"749",600562,24,0,4,4,3,1,4,5,1,3,1,3,5,2,4,3,3,1,2,1,5,1,1,6
"750",600565,24,0,4,4,3,3,4,4,2,2,2,3,3,3,4,3,3,2,2,2,2,4,3,6
"751",600580,24,0,4,4,2,1,3,2,2,2,2,2,4,2,4,2,3,2,3,2,2,2,2,6
"752",600582,24,0,5,4,3,4,5,3,2,5,3,3,5,4,4,4,4,3,4,4,4,3,4,6
"753",600586,24,0,4,4,4,4,2,4,3,3,4,2,3,4,4,4,3,2,2,2,2,3,3,6
"754",600593,24,0,3,4,3,2,3,3,3,2,3,2,3,2,3,3,3,2,2,2,2,2,2,6
"755",600612,24,0,4,1,4,5,4,5,3,4,5,3,3,4,5,5,5,3,4,4,4,5,3,6
"756",600615,24,0,5,5,3,5,4,5,4,5,4,5,5,5,3,5,3,2,5,3,5,5,5,6
"757",600624,24,0,5,4,5,5,5,5,5,5,5,4,5,5,5,5,3,3,4,3,4,5,5,6
"758",600675,24,0,3,5,3,2,4,5,3,3,4,2,3,3,4,3,4,2,3,2,2,1,2,6
"759",600693,24,0,5,5,5,5,5,4,4,5,4,4,4,4,4,4,4,4,4,3,4,4,4,6
"760",600729,24,0,5,3,3,2,5,4,3,4,5,2,5,4,4,5,4,2,4,2,4,4,4,6
"761",600733,24,0,4,4,2,1,4,2,1,4,3,2,4,3,4,3,3,2,3,3,3,2,2,6
"762",600749,24,0,5,3,4,1,4,5,3,4,4,2,4,3,3,4,3,2,4,2,3,2,2,6
"763",600756,24,0,3,3,3,3,3,3,3,2,2,3,4,3,3,4,3,2,2,2,3,2,2,6
"764",600761,24,0,3,4,3,2,2,3,2,2,2,2,3,3,4,3,2,2,3,2,2,2,2,6
"765",600801,24,0,5,5,5,4,5,4,4,5,4,4,5,4,5,5,4,4,5,4,4,4,3,6
"766",600844,24,0,4,3,4,2,4,2,4,3,3,2,3,3,3,3,3,2,2,2,2,2,2,6
"767",600855,24,0,4,2,4,4,4,3,2,5,5,4,4,4,3,4,5,3,4,3,4,4,4,6
"768",600862,24,0,5,4,4,5,5,5,3,5,2,5,5,3,5,5,5,2,5,3,5,5,5,6
"769",600868,24,0,5,5,4,4,4,5,1,5,2,4,4,3,5,4,3,2,3,2,3,4,3,6
"770",600898,24,0,5,5,5,2,5,4,5,5,4,3,5,5,4,5,5,2,2,4,2,2,2,6
"771",600917,24,0,4,4,4,4,4,4,3,4,3,4,4,5,4,5,4,4,4,3,3,3,5,6
"772",600921,24,0,5,5,5,4,4,4,2,4,3,4,4,3,4,4,4,3,4,3,4,3,3,6
"773",600936,24,0,4,5,5,5,5,5,4,5,4,5,4,5,4,3,3,3,5,3,5,3,5,6
"774",600953,24,0,3,2,5,5,4,3,3,2,3,3,1,3,3,3,2,2,3,2,2,3,3,6
"775",600955,24,0,5,4,5,3,4,3,2,3,3,4,3,3,5,4,3,4,3,3,5,3,4,6
"776",600959,24,0,5,4,4,4,4,1,3,4,3,3,4,3,4,4,3,3,3,2,3,3,3,6
"777",700008,24,0,4,2,4,1,5,3,2,5,3,4,4,3,4,3,3,2,2,2,2,3,2,7
"778",700024,24,0,4,4,4,3,5,4,3,3,2,3,4,4,3,4,3,2,3,2,3,2,3,7
"779",700028,24,0,2,3,2,1,1,2,2,2,2,1,2,1,3,2,2,2,2,2,2,1,2,7
"780",700048,24,0,4,4,2,3,4,5,3,2,2,2,5,4,3,2,4,2,2,2,3,2,3,7
"781",700055,24,0,4,4,3,4,3,4,3,3,2,3,3,3,3,3,3,3,2,1,2,3,3,7
"782",700063,24,0,4,2,2,1,3,1,2,3,2,2,5,2,4,3,3,2,1,2,2,2,2,7
"783",700066,24,0,4,4,4,5,4,5,3,5,3,3,4,3,3,4,3,3,3,3,3,3,3,7
"784",700079,24,0,4,4,4,3,4,3,5,2,3,3,4,5,4,3,5,3,2,1,2,3,3,7
"785",700081,24,0,4,4,4,3,5,3,4,3,3,3,3,3,4,4,3,3,3,2,3,4,3,7
"786",700085,24,0,2,3,3,2,2,2,2,1,2,2,4,3,3,1,5,2,1,1,2,3,2,7
"787",700089,24,0,3,2,2,2,2,2,3,2,2,2,2,2,3,2,2,2,2,2,3,2,2,7
"788",700092,24,0,3,2,2,2,3,2,4,2,2,2,2,3,4,3,2,2,2,1,4,3,2,7
"789",700094,24,0,4,5,3,2,4,4,2,4,2,3,3,2,3,3,4,2,3,2,2,3,2,7
"790",700108,24,0,4,2,3,2,4,2,2,3,2,2,3,2,3,3,3,2,2,2,1,1,2,7
"791",700110,24,0,2,3,4,3,4,2,2,4,3,2,2,3,3,2,3,2,2,1,2,3,2,7
"792",700114,24,0,3,2,3,2,3,2,3,2,3,2,3,2,2,1,2,2,2,2,2,3,3,7
"793",700127,24,0,3,3,3,2,3,2,3,2,2,2,4,3,3,2,3,2,2,2,2,2,2,7
"794",700131,24,0,3,3,4,2,3,4,2,3,2,3,4,3,3,3,3,2,4,2,3,2,2,7
"795",700134,24,0,4,4,4,3,3,4,3,2,2,3,4,4,3,2,3,2,2,2,2,3,3,5
"796",700135,24,0,3,4,4,2,3,2,3,2,2,3,4,3,4,3,4,2,2,2,3,3,2,7
"797",700137,24,0,3,2,2,1,3,2,2,2,2,2,3,2,3,2,4,2,1,1,1,1,1,7
"798",700140,24,0,4,4,3,3,4,3,4,3,2,3,3,2,3,3,3,2,3,2,3,3,3,7
"799",700147,24,0,4,2,3,2,4,2,2,3,2,2,2,3,3,3,2,2,2,1,2,2,2,7
"800",700148,24,0,5,4,3,1,5,3,3,4,2,2,4,2,4,5,3,2,2,2,2,4,3,7
"801",700160,24,0,3,4,2,4,3,2,3,2,2,3,5,3,3,5,3,2,2,2,2,4,2,7
"802",700162,24,0,3,3,4,2,3,3,2,3,4,4,5,5,2,3,3,2,2,2,4,3,3,7
"803",700163,24,0,5,5,5,4,4,3,3,4,4,3,3,4,4,4,4,3,3,2,3,4,3,7
"804",700173,24,0,3,4,4,1,3,3,3,2,2,2,4,4,3,4,4,2,2,2,5,3,2,7
"805",700179,24,0,3,1,3,2,3,2,2,3,2,2,3,2,3,3,3,1,2,2,1,1,1,7
"806",700181,24,0,5,3,4,5,5,4,3,4,2,3,4,3,4,5,3,3,4,2,3,3,4,7
"807",700184,24,0,5,3,3,2,5,3,3,5,3,2,4,3,3,4,4,2,2,3,3,3,3,7
"808",700198,24,0,2,3,3,4,3,3,4,2,3,4,4,4,4,2,3,2,3,2,3,4,4,7
"809",700212,24,0,4,3,4,2,2,4,3,2,2,4,4,2,4,3,4,2,2,2,3,2,3,7
"810",700213,24,0,5,4,2,3,4,4,4,3,3,2,2,4,4,3,3,2,3,1,2,2,3,7
"811",700222,24,0,4,3,5,5,4,4,3,4,4,3,4,3,4,4,3,3,2,1,3,3,4,7
"812",700232,24,0,5,5,2,4,4,2,2,4,2,2,5,2,4,5,4,2,2,3,5,3,2,7
"813",700238,24,0,5,5,5,2,5,2,4,5,4,5,4,2,5,4,2,2,5,2,2,2,4,7
"814",700240,24,0,4,4,3,2,4,2,3,3,2,3,3,2,3,3,2,2,3,2,3,3,3,7
"815",700247,24,0,5,5,5,5,5,5,5,5,5,5,5,5,5,5,4,4,5,5,5,5,5,7
"816",700249,24,0,4,4,3,4,4,4,4,4,4,4,4,3,4,5,3,3,4,3,4,4,4,7
"817",700250,24,0,4,5,4,2,3,3,3,3,4,3,4,3,4,4,5,3,3,2,3,3,3,7
"818",700261,24,0,5,5,4,1,4,3,2,4,3,2,4,2,5,4,4,2,2,1,2,2,2,7
"819",700262,24,0,3,3,3,2,2,4,2,2,2,2,1,2,3,2,2,2,2,1,1,2,2,7
"820",700276,24,0,4,2,2,1,5,2,1,3,2,1,3,4,2,3,2,1,1,1,1,2,1,7
"821",700280,24,0,5,3,3,4,4,2,2,2,2,2,4,2,4,3,3,2,3,2,3,3,3,7
"822",700298,24,0,3,5,4,5,4,5,3,3,2,3,5,2,4,5,5,3,4,2,4,4,5,7
"823",700301,24,0,5,5,3,5,5,3,3,5,5,4,5,3,4,5,5,2,5,2,4,5,5,0
"824",700302,24,0,3,4,3,3,2,3,2,3,2,3,3,3,2,3,2,2,2,1,3,2,2,7
"825",700307,24,0,3,3,3,4,4,3,2,2,2,2,3,3,4,3,2,2,2,2,2,2,3,7
"826",700308,24,0,5,5,4,5,5,3,3,5,4,4,4,3,3,5,3,3,3,2,5,4,4,7
"827",700317,24,0,5,5,5,5,5,5,4,5,3,3,5,5,5,4,3,2,5,3,5,4,5,7
"828",700322,24,0,4,4,3,5,5,4,4,4,3,3,4,3,3,3,3,2,4,2,3,3,3,7
"829",700329,24,0,3,3,3,3,2,2,2,2,3,2,5,4,2,4,2,1,2,1,3,3,3,7
"830",700339,24,0,3,5,2,1,1,2,2,2,2,2,3,2,3,3,4,3,3,1,1,2,2,7
"831",700356,24,0,3,5,3,3,3,3,2,2,3,2,5,3,4,3,5,2,3,2,3,3,3,7
"832",700359,24,0,5,5,3,2,5,2,2,3,4,2,5,5,5,5,4,2,4,2,2,4,3,7
"833",700370,24,0,4,5,4,3,4,4,3,2,4,2,2,3,4,4,4,2,4,3,3,4,4,7
"834",700371,24,0,2,2,2,2,2,2,2,2,2,2,2,2,2,2,2,2,2,2,2,2,2,7
"835",700373,24,0,3,5,2,3,2,3,2,1,2,2,2,2,2,1,3,2,3,5,2,3,2,7
"836",700374,24,0,5,5,4,4,4,4,2,2,3,3,3,2,2,2,4,2,2,1,3,3,3,7
"837",700393,24,0,4,2,3,1,4,1,2,4,2,2,2,2,4,4,3,2,2,2,2,2,2,7
"838",700396,24,0,4,5,3,5,4,5,5,4,5,4,5,4,4,3,4,3,4,2,3,4,5,7
"839",700398,24,0,4,3,3,3,3,3,3,3,2,3,3,3,3,4,2,2,2,2,2,3,3,7
"840",700401,24,0,2,2,3,3,2,2,2,2,2,2,3,2,3,2,3,2,2,2,2,2,2,7
"841",700404,24,0,4,2,2,1,5,1,1,3,2,1,3,1,4,1,2,1,1,2,3,1,1,7
"842",700409,24,0,4,3,3,2,3,3,3,2,3,3,2,3,3,4,2,2,2,2,3,2,3,7
"843",700414,24,0,3,3,3,2,2,3,2,2,3,2,2,3,3,2,3,2,2,2,3,3,3,7
"844",700429,24,0,4,4,4,3,5,2,3,2,2,3,4,4,4,3,5,3,3,2,4,3,4,7
"845",700431,24,0,5,5,4,3,4,3,4,4,3,3,4,4,4,4,3,3,5,2,4,5,4,7
"846",700432,24,0,5,3,3,4,3,2,2,3,2,4,3,2,4,3,3,2,3,1,3,2,3,7
"847",700440,24,0,5,2,2,4,5,2,2,5,3,2,4,2,4,4,2,2,3,2,2,3,2,7
"848",700441,24,0,4,4,4,2,3,2,4,2,2,3,2,2,3,4,3,2,2,2,3,2,2,7
"849",700445,24,0,5,4,3,4,5,3,3,5,3,3,3,2,4,5,3,2,4,3,2,3,3,7
"850",700448,24,0,4,4,4,3,4,3,4,3,4,4,4,3,4,5,4,2,3,2,3,3,4,7
"851",700453,24,0,5,2,3,4,5,3,2,2,2,3,4,2,3,3,2,2,3,2,3,3,3,7
"852",700477,24,0,3,1,2,3,2,2,1,2,1,2,2,2,3,2,3,1,1,1,2,2,2,7
"853",700485,24,0,4,4,2,2,4,3,2,2,2,2,5,2,3,3,4,2,3,2,2,2,2,7
"854",700486,24,0,4,4,4,3,4,3,3,2,2,2,4,3,4,4,4,3,3,2,3,2,2,7
"855",700488,24,0,5,3,3,4,5,4,3,4,4,3,4,5,4,3,4,2,4,2,2,4,4,7
"856",700495,24,0,3,4,4,3,3,3,2,2,3,2,3,3,3,3,3,2,2,2,3,3,3,7
"857",700500,24,0,3,3,2,2,3,3,2,2,2,2,2,2,3,3,3,2,2,2,2,3,3,7
"858",700502,24,0,3,4,2,3,3,3,2,3,3,2,3,3,3,3,3,3,3,2,3,3,3,7
"859",700504,24,0,4,3,3,3,3,3,3,3,2,3,4,3,4,4,3,2,4,3,3,4,4,7
"860",700509,24,0,4,3,4,4,3,2,2,2,2,3,2,3,3,3,2,2,2,2,3,3,3,7
"861",700525,24,0,4,2,2,1,3,1,1,2,1,1,1,1,2,3,2,1,1,1,1,1,1,7
"862",700528,24,0,5,5,3,2,4,5,3,3,3,3,5,3,4,4,4,2,3,3,2,3,4,7
"863",700535,24,0,5,3,3,1,5,3,3,4,2,3,2,3,3,3,2,3,3,2,3,3,2,7
"864",700545,24,0,5,5,3,5,5,5,4,5,5,3,5,4,5,5,5,5,5,4,5,5,5,7
"865",700558,24,0,4,4,3,4,3,4,2,3,3,2,4,3,4,4,3,2,2,2,2,3,3,7
"866",700561,24,0,3,4,3,4,3,4,3,2,3,3,3,3,3,3,5,3,3,2,3,3,3,7
"867",700563,24,0,5,3,3,2,4,2,3,4,3,3,4,2,3,4,4,2,3,3,4,3,3,7
"868",700564,24,0,4,4,3,4,4,3,3,3,2,3,3,2,4,3,4,3,3,2,3,3,3,7
"869",700586,24,0,4,3,3,4,5,3,3,3,3,3,4,2,4,5,4,3,4,2,2,4,4,7
"870",700587,24,0,4,3,2,5,4,3,3,3,2,3,3,2,4,3,4,2,3,2,2,3,3,7
"871",700591,24,0,5,5,2,1,5,3,2,3,2,3,4,3,5,3,4,1,2,1,2,3,3,7
"872",700592,24,0,4,2,3,2,3,4,2,1,3,3,2,4,3,2,2,2,2,1,1,2,2,7
"873",700598,24,0,5,4,3,1,4,3,3,3,3,4,5,3,5,5,3,3,3,2,3,3,3,7
"874",700601,24,0,2,4,3,1,2,2,2,2,2,2,2,2,3,1,2,1,1,1,1,1,1,7
"875",700607,24,0,3,2,2,1,3,1,4,2,1,4,3,4,4,3,2,2,2,2,5,4,5,7
"876",700678,24,0,5,3,3,2,3,3,3,2,2,2,4,3,3,3,3,2,2,2,4,2,2,7
"877",700687,24,0,4,3,4,4,5,5,4,4,3,3,5,5,4,3,3,2,3,2,2,4,4,7
"878",700697,24,0,2,3,3,2,2,3,3,2,3,3,3,3,3,3,2,2,3,2,3,2,2,7
"879",700733,24,0,4,4,3,3,4,2,3,3,2,2,2,2,4,3,3,2,2,2,2,2,2,7
"880",700739,24,0,4,5,3,2,3,3,2,3,2,3,3,3,3,2,2,2,3,1,1,3,2,7
"881",700753,24,0,5,4,3,2,4,5,2,2,2,4,4,3,3,3,4,2,2,2,2,2,2,7
"882",700757,24,0,5,5,4,5,5,5,5,5,5,4,5,5,5,4,4,4,5,3,3,5,5,7
"883",700767,24,0,4,5,4,2,3,4,2,2,4,2,2,5,4,3,4,3,2,1,3,4,4,7
"884",700769,24,0,3,4,2,2,3,2,2,2,2,2,2,2,4,3,3,2,2,1,2,3,2,7
"885",700771,24,0,5,4,4,1,5,5,1,5,1,2,3,1,4,4,4,1,1,1,1,3,1,7
"886",700787,24,0,3,2,2,2,3,2,2,3,2,2,3,2,3,2,2,2,2,2,2,2,2,1
"887",700788,24,0,5,5,4,5,5,3,2,5,2,3,5,4,5,5,4,3,5,5,5,5,5,7
"888",700819,24,0,4,4,2,2,1,2,1,1,1,3,3,2,3,4,4,2,1,1,1,1,1,7
"889",700837,24,0,2,2,4,1,2,1,2,1,2,2,2,3,2,2,3,2,2,2,2,2,2,7
"890",700860,24,0,5,4,3,5,5,4,3,4,3,4,5,4,4,5,4,2,3,2,4,3,4,7
"891",700868,24,0,5,5,2,4,5,5,3,3,4,2,4,5,4,4,4,2,3,2,3,3,3,7
"892",700880,24,0,5,5,2,5,5,5,2,5,5,3,5,3,4,4,4,2,4,4,4,4,4,7
"893",700885,24,0,4,3,3,3,4,4,3,4,3,3,4,4,4,4,4,3,4,4,4,3,4,7
"894",700887,24,0,3,3,2,1,3,1,2,2,1,2,2,1,3,3,3,2,1,1,1,1,1,7
"895",800029,24,0,3,3,4,2,4,2,3,2,2,2,4,3,4,3,4,2,2,2,3,3,2,8
"896",800030,24,0,4,3,3,2,4,1,2,2,2,2,4,4,4,3,3,2,4,2,3,2,2,8
"897",800036,24,0,3,4,3,3,2,1,2,2,1,2,2,1,2,2,1,1,1,1,2,2,1,8
"898",800041,24,0,2,2,3,2,3,3,2,1,2,2,3,2,3,2,2,2,3,1,3,3,2,8
"899",800052,24,0,4,2,2,4,4,3,2,3,2,1,3,2,4,3,3,2,3,1,2,3,2,8
"900",800064,24,0,5,5,4,5,5,5,1,5,4,3,2,3,5,3,5,2,5,2,1,1,1,8
"901",800077,24,0,4,4,4,4,4,3,3,4,3,4,4,3,4,4,4,3,4,3,3,3,3,8
"902",800080,24,0,3,3,3,1,3,2,2,2,2,1,3,2,3,3,2,2,2,2,2,2,2,8
"903",800092,24,0,3,3,2,2,3,2,3,2,2,2,2,3,3,3,3,2,2,2,2,2,2,8
"904",800099,24,0,5,4,2,5,5,4,2,2,3,3,5,4,5,5,3,2,3,2,5,4,4,8
"905",800104,24,0,3,3,2,1,3,1,3,3,2,2,3,2,3,2,2,2,2,2,2,2,2,8
"906",800109,24,0,5,5,3,2,5,3,4,5,4,3,4,4,4,5,4,3,4,4,3,4,4,8
"907",800134,24,0,5,4,3,3,5,3,3,4,4,4,4,4,5,4,4,2,3,2,3,3,3,8
"908",800137,24,0,3,4,4,4,3,3,2,2,3,4,3,3,4,3,3,3,4,2,3,5,4,8
"909",800138,24,0,5,5,4,3,5,3,2,3,2,3,3,3,4,4,3,2,3,2,2,4,3,8
"910",800155,24,0,4,4,5,5,4,4,4,3,4,3,2,2,4,3,4,3,4,2,2,3,4,8
"911",800177,24,0,5,2,4,4,5,3,1,3,1,1,4,1,4,3,1,1,3,1,3,1,1,8
"912",800187,24,0,4,5,3,2,3,5,3,2,2,2,3,2,3,4,4,2,3,2,4,3,3,8
"913",800189,24,0,5,3,2,3,5,4,2,3,3,2,4,3,3,4,3,2,3,3,3,3,3,8
"914",800200,24,0,4,4,3,4,4,3,3,3,3,3,3,3,4,3,3,3,3,2,3,3,3,8
"915",800211,24,0,5,5,4,4,5,5,4,4,5,4,4,4,4,4,3,2,4,3,4,3,3,8
"916",800218,24,0,5,5,5,5,4,3,4,4,5,3,5,3,4,4,4,3,3,3,4,3,4,8
"917",800222,24,0,3,4,2,3,3,4,2,3,3,3,3,3,3,3,4,2,3,1,2,3,3,8
"918",800227,24,0,3,3,3,2,3,2,2,2,2,2,3,2,4,3,3,2,2,2,2,2,2,8
"919",800229,24,0,4,2,3,1,4,4,2,3,2,2,3,2,3,3,2,2,2,2,2,3,3,8
"920",800233,24,0,3,4,4,4,4,3,4,4,4,4,4,4,4,4,3,4,4,3,4,4,4,8
"921",800271,24,0,4,4,4,3,4,4,3,2,2,3,4,4,3,3,3,2,2,2,2,2,3,8
"922",800277,24,0,4,5,3,2,4,2,3,3,2,3,4,4,4,3,5,3,3,2,3,2,3,8
"923",800278,24,0,4,4,3,1,4,3,3,4,3,2,4,2,3,4,4,2,3,2,3,2,2,8
"924",800288,24,0,5,5,4,2,5,3,2,3,5,3,5,3,4,4,3,2,3,3,3,2,3,8
"925",800291,24,0,3,4,3,1,2,2,2,3,2,2,3,3,3,3,3,2,2,2,1,1,1,8
"926",800292,24,0,4,2,2,5,5,5,4,5,5,5,5,5,5,5,4,4,5,4,5,5,5,8
"927",800296,24,0,5,1,3,2,4,1,2,3,2,3,3,2,5,5,4,2,1,2,4,4,3,8
"928",800307,24,0,5,5,3,2,4,3,2,3,3,2,4,3,3,5,4,3,2,2,2,4,3,8
"929",800323,24,0,5,4,3,2,5,5,2,2,3,4,4,4,3,2,3,2,2,2,3,3,3,8
"930",800343,24,0,4,4,5,3,4,3,3,4,4,3,4,5,3,4,3,2,3,3,3,3,5,8
"931",800347,24,0,3,3,3,2,2,2,2,2,3,2,3,2,2,2,3,2,2,2,2,2,2,8
"932",800359,24,0,3,5,3,2,3,2,2,2,2,3,3,2,3,3,3,2,2,1,2,2,2,8
"933",800378,24,0,5,5,5,5,5,5,3,5,5,3,5,5,5,5,5,5,5,3,3,5,5,8
"934",800394,24,0,2,3,3,3,3,3,2,3,2,2,3,4,3,2,2,4,3,2,3,3,2,8
"935",800398,24,0,3,5,4,3,3,4,3,2,5,3,4,4,5,2,5,3,4,2,4,3,4,8
"936",800412,24,0,5,4,4,5,5,5,3,5,4,3,4,4,4,5,3,2,3,2,3,3,3,8
"937",800444,24,0,4,3,3,4,3,3,2,2,3,2,2,2,3,2,2,2,2,2,2,3,2,8
"938",800447,24,0,3,3,3,3,3,2,2,4,3,3,3,3,4,3,4,3,3,2,3,3,2,8
"939",800457,24,0,3,3,3,2,3,3,2,2,2,2,3,3,3,2,3,2,2,2,2,3,2,8
"940",800466,24,0,4,5,4,5,4,5,4,4,5,5,4,4,5,4,5,3,4,3,4,5,5,8
"941",800478,24,0,4,4,3,3,4,3,2,4,3,2,4,3,3,3,3,2,5,3,5,3,3,8
"942",800480,24,0,3,5,3,2,3,3,3,2,3,2,3,4,3,3,4,2,2,2,3,2,2,8
"943",800499,24,0,4,3,2,3,4,2,2,4,3,2,4,3,3,3,3,3,3,2,3,3,3,8
"944",800509,24,0,4,5,3,2,4,3,3,3,3,3,3,3,3,2,4,2,4,2,3,3,3,8
"945",800513,24,0,4,3,3,3,3,3,3,2,3,2,4,3,3,4,3,2,3,3,3,3,3,8
"946",800515,24,0,4,3,1,2,3,2,1,3,4,3,3,4,4,3,2,2,2,2,2,4,4,8
"947",800516,24,0,5,4,3,2,4,2,3,2,2,3,3,2,3,3,2,2,2,2,3,3,2,8
"948",800528,24,0,3,3,3,3,3,3,2,3,3,3,3,1,3,3,3,2,2,2,2,2,3,8
"949",800534,24,0,4,4,4,4,4,4,3,3,4,4,4,4,4,4,4,3,4,3,4,4,4,8
"950",800540,24,0,5,4,3,5,5,5,3,5,5,3,5,3,5,5,5,3,5,5,5,5,5,8
"951",800542,24,0,4,3,2,1,5,2,2,5,2,2,5,2,3,4,2,2,2,2,3,3,2,8
"952",800554,24,0,4,4,3,3,5,4,4,3,3,3,4,3,4,3,4,2,3,2,4,2,3,8
"953",800559,24,0,5,4,4,5,5,3,5,4,3,3,4,5,5,4,3,2,4,2,5,4,5,8
"954",800566,24,0,5,4,3,3,5,3,2,4,5,3,5,5,3,5,4,2,2,3,3,3,4,8
"955",800572,24,0,3,5,3,2,3,3,3,4,5,3,4,4,4,4,5,3,2,3,3,2,3,8
"956",800580,24,0,3,4,3,3,3,2,3,3,3,3,3,3,3,3,3,3,3,3,3,3,3,8
"957",800581,24,0,4,4,2,2,2,3,2,2,2,3,4,2,3,2,2,2,2,1,3,2,2,8
"958",800595,24,0,5,3,4,5,5,4,3,4,4,2,4,2,4,4,2,2,4,3,4,4,3,8
"959",800605,24,0,3,4,3,2,2,2,3,2,3,2,3,2,3,2,2,2,2,2,3,2,2,8
"960",800631,24,0,3,4,3,4,3,4,3,3,3,3,3,3,4,3,4,2,2,2,2,2,2,8
"961",800632,24,0,4,4,3,4,5,3,4,4,4,3,4,3,3,4,4,3,3,2,4,3,4,8
"962",800635,24,0,3,3,2,2,2,2,1,2,1,1,1,1,3,2,4,1,1,1,2,1,1,8
"963",800640,24,0,4,2,3,2,3,3,3,4,2,3,4,4,3,3,2,2,2,2,3,3,2,8
"964",800643,24,0,3,5,3,4,4,2,5,2,3,2,2,4,4,2,4,3,3,1,2,3,2,8
"965",800649,24,0,4,4,3,2,5,5,4,3,3,4,5,3,5,5,4,4,4,2,3,4,4,8
"966",800663,24,0,5,5,5,4,5,3,2,4,3,2,3,3,4,4,4,2,3,3,3,3,3,8
"967",800668,24,0,4,3,4,5,4,4,4,4,4,4,4,4,4,4,3,3,4,3,3,4,4,8
"968",800670,24,0,4,5,3,5,5,4,4,5,5,5,5,5,5,5,4,4,5,4,5,4,5,8
"969",800690,24,0,5,4,4,5,5,5,3,5,4,3,4,5,5,5,4,3,4,3,3,5,5,8
"970",800712,24,0,2,1,5,5,3,3,1,5,5,5,5,5,5,5,5,5,5,1,4,1,5,8
"971",800722,24,0,5,4,4,5,5,4,3,3,3,4,4,5,5,4,3,3,4,3,3,5,5,8
"972",800745,24,0,3,5,5,5,4,5,3,3,3,5,4,5,4,3,4,3,4,3,4,5,5,8
"973",800750,24,0,3,2,2,3,3,3,2,2,2,2,3,2,3,2,2,2,3,2,2,2,2,8
"974",800764,24,0,4,3,3,3,3,4,2,2,2,2,4,2,2,4,4,2,3,2,2,3,3,8
"975",800769,24,0,3,4,3,3,3,4,3,3,2,3,3,3,2,2,3,2,2,2,4,3,3,8
"976",800786,24,0,4,4,3,5,4,4,4,4,4,3,4,3,4,3,3,3,3,3,3,4,4,8
"977",800787,24,0,5,4,4,1,5,2,4,5,4,3,5,3,4,5,4,2,3,5,4,2,2,8
"978",800802,24,0,5,3,4,3,4,2,3,3,2,2,5,2,4,4,3,2,4,2,3,3,4,8
"979",800810,24,0,4,3,2,2,4,2,1,2,1,1,1,2,3,2,3,2,2,1,3,2,3,5
"980",800813,24,0,2,3,3,4,3,3,3,2,3,3,3,3,3,2,2,2,3,2,3,4,4,8
"981",800839,24,0,4,5,4,5,5,5,4,5,4,4,4,5,5,5,5,5,4,4,4,4,4,8
"982",800846,24,0,5,5,5,5,5,5,5,4,5,5,5,5,4,5,5,4,4,4,3,4,5,8
"983",800847,24,0,4,3,2,2,4,2,2,3,3,2,4,2,3,3,4,2,2,2,3,2,2,8
"984",800856,24,0,4,3,2,2,4,4,4,4,4,2,4,4,3,3,2,2,2,2,2,2,2,8
"985",800867,24,0,3,3,4,3,3,3,3,3,3,3,3,3,3,3,4,3,3,2,3,3,3,8
"986",800868,24,0,3,4,4,3,4,3,2,3,4,2,4,3,4,3,3,2,2,3,3,3,3,8
"987",800870,24,0,5,3,3,1,5,1,2,5,1,2,5,1,4,4,3,2,3,2,3,2,2,8
"988",800884,24,0,3,2,3,4,3,2,2,3,3,3,3,2,2,3,2,1,3,2,1,3,2,8
"989",800896,24,0,4,3,4,4,4,4,3,4,3,4,5,4,4,4,4,4,4,4,3,4,3,8
"990",800901,24,0,5,4,3,3,5,2,2,3,2,3,4,4,4,3,4,2,3,2,2,3,3,8
"991",800902,24,0,3,3,5,2,4,4,4,4,4,3,4,4,3,3,4,3,3,2,3,2,3,8
"992",800906,24,0,5,4,4,3,5,3,3,4,2,3,5,4,4,4,4,2,4,3,4,4,4,8
"993",800923,24,0,4,3,3,2,3,2,3,3,3,2,4,3,3,3,3,3,3,3,3,3,3,8
"994",800933,24,0,5,4,3,4,5,3,3,4,3,3,5,3,4,5,4,3,3,1,2,4,4,8
"995",800935,24,0,5,5,3,4,5,5,2,4,4,3,5,4,4,5,4,2,4,3,3,5,5,8
"996",800936,24,0,5,3,3,1,5,2,3,3,2,2,4,2,3,4,3,2,2,1,1,3,2,8
"997",800943,24,0,4,4,4,4,4,4,4,4,4,4,4,4,4,4,4,4,4,4,4,4,4,8
"998",800944,24,0,5,5,3,5,5,5,5,5,3,3,4,3,4,5,3,3,3,3,3,3,3,8
"999",800951,24,0,4,3,1,1,4,1,3,3,2,2,3,2,2,3,3,2,1,2,5,2,3,8
"1000",800961,24,0,4,3,2,1,3,1,2,3,2,1,3,2,3,2,3,2,3,2,1,1,1,8
"1001",800966,24,0,3,2,4,3,3,3,3,2,3,3,4,4,3,3,3,2,2,2,3,3,3,8
"1002",800967,24,0,5,5,3,2,5,5,3,5,3,2,5,4,4,5,3,2,4,3,3,2,3,8
"1003",800977,24,0,3,3,4,5,3,1,1,2,3,1,4,1,1,1,2,2,4,3,5,3,3,8
"1004",800988,24,0,4,4,3,4,5,4,2,3,3,2,4,2,4,3,2,2,4,2,2,3,3,8
"1005",800996,24,0,4,4,4,3,3,4,3,3,3,3,3,4,4,3,4,2,2,2,2,2,2,8
"1006",801013,24,0,3,3,3,2,2,2,3,2,2,2,3,2,2,3,2,2,2,2,2,2,2,8
"1007",900001,24,0,4,2,2,1,3,2,2,2,2,2,4,3,4,3,2,2,2,1,2,2,2,9
"1008",900004,24,0,5,2,3,2,5,2,2,2,2,3,3,2,3,2,3,2,3,2,3,3,3,9
"1009",900010,24,0,4,3,3,3,4,2,3,3,2,2,4,2,3,4,3,2,3,2,3,3,3,9
"1010",900014,24,0,3,5,5,3,5,3,5,3,3,3,3,4,5,4,5,3,4,2,4,4,5,9
"1011",900023,24,0,3,4,4,2,3,2,3,2,3,2,3,2,2,3,3,2,2,2,3,2,2,9
"1012",900024,24,0,5,5,4,5,5,5,3,5,3,3,5,3,3,5,3,3,5,3,3,5,5,9
"1013",900027,24,0,3,4,3,4,4,3,2,3,3,3,4,3,4,3,3,2,4,2,3,3,3,9
"1014",900032,24,0,5,4,3,5,5,5,4,4,4,4,5,5,4,5,4,4,5,3,4,2,3,9
"1015",900042,24,0,5,5,3,1,4,4,2,3,3,2,4,4,3,3,4,2,1,1,1,1,1,9
"1016",900052,24,0,4,2,3,2,3,3,2,3,3,2,3,2,2,2,2,2,2,1,2,3,3,9
"1017",900053,24,0,4,2,4,3,3,2,3,4,2,3,3,2,4,4,3,2,3,2,3,3,2,9
"1018",900055,24,0,3,3,3,2,2,3,3,3,2,3,3,2,4,3,2,2,2,2,2,2,2,9
"1019",900058,24,0,5,4,4,3,4,4,4,4,4,4,4,4,4,4,4,3,3,3,3,3,3,9
"1020",900064,24,0,4,3,3,4,3,5,2,3,4,3,3,4,4,4,3,3,3,2,3,4,3,9
"1021",900065,24,0,4,3,3,3,3,2,2,3,3,2,4,3,3,3,4,2,3,2,3,2,2,9
"1022",900068,24,0,4,5,2,2,4,4,3,2,2,2,3,4,4,3,3,2,3,2,3,4,3,9
"1023",900076,24,0,4,3,5,2,3,2,3,3,3,2,3,2,4,3,3,2,2,2,3,2,2,9
"1024",900085,24,0,2,2,3,4,1,4,3,5,5,2,4,4,4,5,4,3,1,3,4,3,5,9
"1025",900090,24,0,1,2,2,2,2,1,2,2,2,2,2,2,2,1,2,2,2,1,1,1,2,9
"1026",900093,24,0,5,4,2,4,4,3,4,5,3,2,4,3,4,4,3,2,2,2,2,2,3,9
"1027",900097,24,0,5,5,3,4,4,3,2,3,4,3,4,3,4,4,3,2,3,3,2,3,3,9
"1028",900100,24,0,3,2,2,2,2,2,2,2,1,2,3,2,3,4,2,2,2,1,2,1,1,9
"1029",900113,24,0,4,4,4,4,4,4,4,4,4,4,4,4,4,4,4,4,4,3,4,4,4,9
"1030",900114,24,0,4,3,1,2,3,3,1,2,2,1,3,3,2,2,3,1,2,1,1,1,1,9
"1031",900116,24,0,5,5,4,5,5,5,5,5,5,3,3,3,5,5,5,5,3,5,5,5,5,9
"1032",900120,24,0,5,5,3,3,5,4,3,5,4,2,5,5,4,4,5,2,3,2,3,3,3,9
"1033",900122,24,0,3,3,3,2,3,2,2,1,1,2,3,2,4,3,2,2,2,2,2,3,2,9
"1034",900131,24,0,4,3,3,2,5,4,3,3,5,4,3,3,4,4,3,3,4,2,3,4,4,9
"1035",900134,24,0,4,2,3,3,4,2,3,3,2,1,2,2,1,3,1,1,2,2,2,3,2,9
"1036",900137,24,0,4,3,4,3,5,4,5,3,4,3,5,5,4,4,4,1,2,4,2,2,2,9
"1037",900144,24,0,3,4,3,2,2,4,2,3,4,2,4,5,3,2,3,2,2,2,3,2,2,9
"1038",900157,24,0,4,5,3,3,4,2,2,3,4,2,3,4,3,3,3,2,2,2,2,3,3,9
"1039",900159,24,0,4,5,2,2,2,4,4,2,4,2,4,5,4,3,4,2,2,2,2,2,4,9
"1040",900161,24,0,5,3,3,3,3,3,2,3,2,2,3,2,2,3,2,2,3,2,2,3,3,9
"1041",900162,24,0,3,3,2,2,2,2,2,2,3,3,2,2,3,2,2,2,2,2,2,3,2,9
"1042",900169,24,0,4,4,3,3,4,4,3,3,2,3,4,2,4,3,4,2,2,2,2,2,3,9
"1043",900170,24,0,4,4,3,3,4,4,3,3,4,2,4,3,4,3,4,2,2,2,3,2,2,9
"1044",900176,24,0,3,3,2,3,3,3,1,2,3,2,2,2,2,2,2,1,1,2,2,3,2,9
"1045",900189,24,0,4,3,4,1,5,2,4,3,2,3,5,1,4,4,2,2,2,2,3,2,2,9
"1046",900199,24,0,2,2,2,2,2,2,2,2,1,1,2,2,2,2,2,2,2,2,2,2,2,9
"1047",900200,24,0,5,3,3,4,5,4,3,4,4,4,4,4,4,4,3,3,4,3,4,4,4,9
"1048",900203,24,0,3,1,1,1,3,1,1,2,1,1,3,1,2,3,1,1,1,1,1,2,1,9
"1049",900211,24,0,5,5,4,5,5,5,5,5,5,5,5,5,5,5,5,4,5,3,5,5,5,9
"1050",900220,24,0,5,4,4,4,4,4,4,4,3,3,3,4,3,4,4,3,3,2,3,4,4,9
"1051",900221,24,0,3,4,3,2,2,4,3,2,2,3,4,5,4,3,2,2,2,3,2,3,4,9
"1052",900226,24,0,4,4,3,4,4,2,4,3,2,3,3,2,3,2,4,2,4,3,4,3,4,9
"1053",900229,24,0,3,3,3,3,3,3,2,2,2,3,2,2,4,3,3,2,2,3,2,3,3,9
"1054",900234,24,0,2,3,2,2,2,3,2,3,2,3,1,2,4,2,2,2,3,2,2,2,2,9
"1055",900253,24,0,4,2,1,3,4,3,2,3,3,3,4,5,5,3,2,3,4,3,4,3,3,9
"1056",900255,24,0,3,3,3,2,3,3,2,3,2,3,2,2,3,3,2,2,2,2,2,3,2,9
"1057",900267,24,0,4,4,5,3,4,4,3,2,2,3,4,2,4,4,2,3,3,2,5,3,3,9
"1058",900269,24,0,3,2,1,2,2,4,1,1,3,1,2,3,2,2,2,2,2,1,1,1,1,9
"1059",900277,24,0,3,4,3,4,4,3,2,3,2,3,4,2,3,3,4,3,3,2,3,4,3,9
"1060",900282,24,0,4,4,4,1,4,1,3,3,2,3,4,1,3,4,3,2,2,1,2,3,2,9
"1061",900292,24,0,3,3,3,2,3,4,2,3,2,3,3,3,3,2,3,2,2,2,3,2,2,9
"1062",900297,24,0,4,3,2,3,3,3,2,2,2,2,3,2,3,3,3,2,2,2,2,2,2,9
"1063",900302,24,0,5,2,2,1,3,2,1,2,2,1,1,1,3,2,2,1,1,1,1,1,1,9
"1064",900309,24,0,4,4,3,1,5,2,3,4,3,2,4,2,4,4,4,2,3,2,2,3,3,9
"1065",900313,24,0,4,4,3,3,4,3,2,3,4,2,4,3,4,2,4,2,3,2,2,2,3,9
"1066",900317,24,0,3,3,3,2,3,3,3,2,2,2,3,2,3,2,2,2,2,2,2,2,2,9
"1067",900319,24,0,3,1,2,1,2,1,2,2,1,3,2,1,3,2,2,2,2,1,1,1,1,9
"1068",900326,24,0,4,4,3,2,4,3,2,2,2,3,3,2,4,2,3,2,2,2,3,3,2,9
"1069",900331,24,0,4,5,3,3,4,4,4,4,4,4,4,4,3,4,3,3,3,3,4,3,3,9
"1070",900343,24,0,4,5,5,2,3,4,5,3,3,3,5,4,3,4,4,1,2,1,4,2,2,9
"1071",900344,24,0,5,5,3,3,5,3,2,4,3,3,4,4,4,4,5,2,3,2,3,3,2,9
"1072",900345,24,0,4,3,2,2,5,2,2,3,3,2,3,3,3,4,2,2,3,2,3,3,4,9
"1073",900347,24,0,4,3,3,3,3,4,4,3,3,3,3,3,4,3,3,3,3,3,3,3,3,9
"1074",900352,24,0,3,4,3,2,2,3,2,2,2,3,5,2,2,3,3,2,2,2,2,2,2,9
"1075",900355,24,0,2,3,4,1,2,2,3,2,2,3,3,2,4,3,4,2,2,1,4,3,3,9
"1076",900359,24,0,5,4,3,2,4,3,2,2,3,2,3,3,4,4,4,2,1,2,2,3,3,9
"1077",900367,24,0,4,5,3,3,4,5,2,2,3,3,4,4,3,3,3,2,3,2,3,3,4,9
"1078",900373,24,0,5,2,3,4,5,5,2,5,2,2,5,4,4,5,2,2,2,2,2,3,3,9
"1079",900374,24,0,3,2,2,1,2,1,2,2,1,3,2,1,4,2,2,2,2,1,1,3,2,9
"1080",900375,24,0,4,3,2,4,3,4,3,1,2,2,3,2,3,1,3,1,4,1,2,2,4,9
"1081",900376,24,0,4,5,4,4,4,3,2,3,4,3,4,4,4,5,4,3,3,2,2,3,2,9
"1082",900377,24,0,4,5,3,1,3,3,2,2,2,2,3,2,3,3,5,2,2,2,2,2,2,9
"1083",900384,24,0,4,4,5,4,4,4,4,2,3,4,3,4,4,3,4,2,2,2,4,3,3,9
"1084",900385,24,0,3,5,3,2,3,2,3,3,3,3,4,3,4,3,2,3,2,2,2,2,2,9
"1085",900401,24,0,4,4,2,3,4,4,3,3,1,2,4,4,4,3,NA,2,3,2,3,4,3,9
"1086",900407,24,0,3,4,2,5,4,3,2,4,3,1,3,3,3,3,3,2,3,3,3,3,3,9
"1087",900412,24,0,5,3,3,5,5,5,2,5,4,3,4,2,4,4,2,2,4,3,4,3,4,9
"1088",900414,24,0,3,5,4,5,4,5,3,4,5,3,5,5,5,3,5,2,3,2,NA,5,5,9
"1089",900422,24,0,5,3,3,3,5,5,3,5,1,3,5,3,4,4,3,2,3,1,3,3,3,9
"1090",900426,24,0,4,2,3,3,4,2,2,3,3,2,4,3,3,3,2,2,3,2,2,3,3,9
"1091",900435,24,0,4,2,3,3,3,3,3,3,3,3,3,4,3,3,3,2,3,2,3,3,3,9
"1092",900437,24,0,3,2,2,2,3,2,2,3,3,3,2,3,2,2,2,2,2,2,2,2,2,9
"1093",900439,24,0,3,4,4,1,3,3,2,2,4,2,3,4,3,3,4,2,1,1,1,1,2,9
"1094",900440,24,0,5,3,3,2,5,2,2,3,3,2,4,4,4,4,3,2,2,1,4,2,2,9
"1095",900442,24,0,5,5,5,5,5,5,5,3,3,3,4,4,4,4,5,5,5,3,5,4,4,9
"1096",900453,24,0,2,2,3,2,3,2,2,2,2,2,4,3,2,2,4,2,1,2,2,2,2,9
"1097",900454,24,0,4,5,3,2,5,2,3,3,3,3,5,4,3,4,4,3,4,2,4,3,3,9
"1098",900455,24,0,3,2,2,2,3,3,1,3,1,1,3,3,2,3,2,1,2,2,2,2,2,9
"1099",900463,24,0,2,2,3,4,3,3,2,2,3,3,2,3,3,2,2,2,3,1,2,3,3,9
"1100",900522,24,0,5,4,4,3,5,3,4,4,4,4,5,4,5,3,4,4,4,3,3,4,4,9
"1101",900535,24,0,4,4,5,5,5,4,4,5,4,4,5,4,4,4,5,4,4,4,4,4,5,9
"1102",900557,24,0,4,3,3,3,4,5,3,4,4,3,3,4,4,3,3,2,4,2,3,3,4,9
"1103",900593,24,0,4,5,5,4,4,5,4,3,5,5,5,5,5,5,5,3,3,2,5,3,5,9
"1104",900602,24,0,4,4,3,4,5,2,3,5,5,2,4,3,4,4,5,4,4,4,4,4,4,9
"1105",900618,24,0,3,3,4,2,3,2,2,2,2,3,3,2,4,4,3,2,2,2,2,2,2,9
"1106",900627,24,0,5,4,3,3,4,4,3,4,3,2,4,2,4,4,3,2,4,3,3,4,4,9
"1107",900630,24,0,4,4,4,4,4,4,3,4,2,3,4,3,4,3,4,3,3,2,2,3,3,9
"1108",900644,24,0,5,4,2,3,5,2,3,5,2,2,3,2,3,5,4,2,2,3,2,3,2,9
"1109",900667,24,0,2,2,3,2,2,2,2,2,3,2,2,2,2,2,3,2,2,2,2,2,2,9
"1110",900678,24,0,4,3,3,3,3,2,2,3,2,2,3,2,3,4,2,2,2,2,3,3,3,9
"1111",900679,24,0,4,2,2,2,3,1,2,5,2,1,3,1,2,5,2,1,2,1,3,3,2,9
"1112",900689,24,0,1,1,1,3,1,1,1,1,1,1,1,1,1,1,1,1,2,1,1,1,1,9
"1113",900692,24,0,5,3,4,4,4,2,3,2,2,4,4,2,4,2,2,3,4,2,3,2,2,9
"1114",900693,24,0,3,3,3,3,2,2,2,2,2,3,3,2,3,2,3,3,2,2,3,3,2,9
"1115",900706,24,0,2,4,2,2,2,5,2,2,5,3,3,5,3,3,4,2,2,2,2,2,2,9
"1116",900708,24,0,5,3,3,4,4,2,2,4,1,3,5,2,5,4,4,2,4,3,2,2,3,9
"1117",900727,24,0,5,3,3,4,4,1,3,5,4,4,3,3,4,5,2,2,3,2,1,2,3,9
"1118",900731,24,0,3,4,3,5,4,5,3,4,3,3,4,2,4,4,4,2,3,2,2,2,3,9
